battle_id,attacker_faction,defender_faction,terrain,weather,att_heavy_infantry,att_spearmen,att_sword_infantry,att_archers,att_skirmishers,att_light_cavalry,att_shock_cavalry,att_artillery,def_heavy_infantry,def_spearmen,def_sword_infantry,def_archers,def_skirmishers,def_light_cavalry,def_shock_cavalry,def_artillery,att_general_rating,def_general_rating,att_avg_morale,def_avg_morale,att_fatigue,def_fortified,att_reinforcement_minute,resolution_mode,current_autoresolver_call,att_casualty_pct,def_casualty_pct,outcome
B0000,Mareth Imperium,Sable Nomads,plains,clear,6,5,0,1,2,0,7,1,5,1,0,3,6,2,1,7,3,1,55,66,10,1,0,auto,defender,0.317,0.759,attacker
B0001,Kessari Riders,Vharn Confederacy,marsh,rain,2,2,5,3,1,16,1,1,0,5,5,13,0,0,0,1,2,3,76,86,16,0,0,auto,attacker,0.364,0.834,attacker
B0002,Vharn Confederacy,Selene Dominion,forest,rain,4,4,2,2,2,0,1,7,3,8,8,5,1,4,0,3,1,3,40,81,79,0,0,auto,defender,0.567,0.342,defender
B0003,Orenthal League,Duskwood Clans,hills,fog,2,0,4,2,0,6,3,4,1,0,3,7,8,1,1,0,5,5,49,51,38,0,25,auto,attacker,0.454,0.679,attacker
B0004,Kessari Riders,Sable Nomads,hills,rain,2,0,3,0,0,16,1,0,0,0,1,2,3,3,0,12,4,5,72,74,10,0,0,auto,attacker,0.184,0.749,attacker
B0005,Duskwood Clans,Vharn Confederacy,hills,fog,4,1,0,2,1,1,6,1,1,13,3,1,1,2,3,0,5,1,67,71,92,0,0,auto,defender,0.567,0.3,defender
B0006,Vharn Confederacy,Selene Dominion,forest,clear,0,10,1,0,7,1,1,4,12,2,0,3,1,6,2,3,3,5,79,53,47,0,14,auto,defender,0.871,0.523,defender
B0007,Latian Republic,Mareth Imperium,plains,clear,0,4,18,1,2,1,0,0,10,4,1,0,2,6,0,3,3,4,67,72,42,1,0,auto,attacker,0.698,0.374,defender
B0008,Sable Nomads,Mareth Imperium,plains,clear,1,0,1,2,5,7,1,3,3,5,0,0,2,1,6,2,1,2,74,66,29,1,0,auto,attacker,0.751,0.454,defender
B0009,Vharn Confederacy,Orenthal League,hills,rain,2,15,0,0,6,5,1,0,1,6,2,0,1,1,3,3,5,2,67,68,13,0,8,auto,attacker,0.433,0.569,attacker
B0010,Mareth Imperium,Sable Nomads,marsh,clear,6,1,4,2,3,4,2,0,1,0,0,2,4,5,1,6,4,1,75,69,74,1,22,auto,attacker,0.373,0.666,attacker
B0011,Latian Republic,Duskwood Clans,marsh,clear,1,9,6,1,2,5,0,1,0,4,0,10,2,3,0,2,4,5,60,67,42,0,0,auto,attacker,0.326,0.886,attacker
B0012,Kessari Riders,Sable Nomads,river_crossing,clear,1,0,0,0,8,5,9,1,6,0,1,3,14,2,0,1,4,3,60,79,26,1,0,auto,defender,0.511,0.69,attacker
B0013,Duskwood Clans,Mareth Imperium,hills,clear,0,2,1,1,4,16,0,1,5,1,1,1,1,0,12,2,4,2,71,73,45,0,0,auto,attacker,0.444,0.796,attacker
B0014,Vharn Confederacy,Selene Dominion,plains,rain,3,7,0,9,0,4,2,0,0,2,0,4,2,3,2,7,3,3,60,57,0,0,0,auto,attacker,0.492,0.731,attacker
B0015,Kessari Riders,Orenthal League,hills,clear,0,0,3,0,7,1,12,0,0,4,7,5,0,2,2,3,2,5,74,74,30,0,0,auto,attacker,0.351,0.697,attacker
B0016,Selene Dominion,Vharn Confederacy,forest,rain,5,0,1,3,0,9,4,6,5,3,1,1,1,4,6,0,5,1,62,52,25,1,0,auto,attacker,0.819,0.506,defender
B0017,Selene Dominion,Mareth Imperium,forest,clear,1,2,3,7,1,1,0,6,1,6,1,2,8,1,2,0,1,2,77,50,5,1,25,auto,attacker,0.835,0.411,defender
B0018,Mareth Imperium,Orenthal League,river_crossing,clear,5,2,3,0,0,4,3,6,9,2,4,2,2,2,0,0,3,3,75,70,52,0,0,auto,attacker,0.649,0.368,defender
B0019,Latian Republic,Orenthal League,river_crossing,clear,2,0,5,7,0,0,2,0,1,1,2,1,0,10,4,1,5,4,79,43,38,0,0,auto,defender,0.733,0.323,defender
B0020,Latian Republic,Vharn Confederacy,plains,rain,9,3,4,2,2,0,2,5,9,6,1,6,0,0,1,0,4,2,72,58,4,0,0,auto,attacker,0.808,0.442,defender
B0021,Vharn Confederacy,Duskwood Clans,forest,fog,1,10,2,3,1,4,4,0,6,2,2,0,8,3,1,2,1,1,71,81,42,1,0,manual,attacker,0.471,0.795,attacker
B0022,Selene Dominion,Duskwood Clans,plains,clear,1,4,0,3,6,1,3,3,0,2,1,2,3,2,7,4,2,2,67,74,59,0,23,manual,attacker,0.748,0.464,defender
B0023,Selene Dominion,Vharn Confederacy,forest,fog,1,0,2,7,0,5,6,3,5,10,0,2,1,5,1,0,3,3,55,77,15,0,0,auto,attacker,0.744,0.414,defender
B0024,Kessari Riders,Orenthal League,hills,clear,1,0,0,0,1,10,10,3,1,5,4,3,6,3,0,2,4,1,57,91,36,0,0,auto,attacker,0.521,0.663,attacker
B0025,Kessari Riders,Sable Nomads,forest,rain,0,1,0,4,2,3,1,12,4,0,0,6,2,5,0,4,3,3,85,71,72,0,13,manual,attacker,0.335,0.827,attacker
B0026,Sable Nomads,Kessari Riders,river_crossing,clear,1,1,0,5,2,7,5,3,6,3,1,5,3,0,1,2,1,3,93,63,34,1,9,auto,attacker,0.435,0.929,attacker
B0027,Selene Dominion,Latian Republic,marsh,clear,0,3,5,7,6,3,0,2,8,2,1,2,1,0,11,0,1,2,100,72,27,0,11,manual,attacker,0.837,0.395,defender
B0028,Mareth Imperium,Selene Dominion,plains,clear,5,3,0,2,7,1,1,0,0,2,0,9,2,1,2,2,3,4,86,71,33,0,15,auto,attacker,0.513,0.72,attacker
B0029,Orenthal League,Selene Dominion,river_crossing,clear,2,8,11,2,0,1,2,0,1,8,0,1,3,0,0,4,4,4,98,48,30,0,17,auto,attacker,0.368,0.725,attacker
B0030,Duskwood Clans,Selene Dominion,hills,clear,0,1,1,4,11,3,0,1,2,3,1,10,1,3,2,2,3,4,64,50,30,0,0,manual,defender,0.794,0.492,defender
B0031,Kessari Riders,Orenthal League,plains,fog,0,1,2,0,0,2,12,5,6,0,2,9,1,2,1,2,1,3,59,40,51,1,0,auto,defender,0.417,0.704,attacker
B0032,Duskwood Clans,Mareth Imperium,marsh,fog,0,0,3,0,7,1,10,1,4,4,0,5,2,2,6,1,4,3,80,78,8,0,0,auto,attacker,0.856,0.355,defender
B0033,Latian Republic,Mareth Imperium,hills,rain,9,4,6,3,3,0,0,0,7,0,3,1,2,3,2,2,5,5,64,64,45,0,0,auto,attacker,0.49,0.767,attacker
B0034,Latian Republic,Orenthal League,forest,clear,7,4,4,0,0,2,0,3,0,3,4,12,6,1,0,0,1,2,87,55,74,0,19,auto,defender,0.805,0.477,defender
B0035,Orenthal League,Vharn Confederacy,plains,rain,2,2,1,8,0,4,1,1,5,4,0,6,2,4,0,0,5,5,71,81,23,0,0,auto,defender,0.381,0.843,attacker
B0036,Vharn Confederacy,Mareth Imperium,plains,clear,2,9,0,4,2,3,0,3,8,2,3,2,2,0,2,3,2,2,49,57,45,0,18,auto,attacker,0.483,0.839,attacker
B0037,Kessari Riders,Orenthal League,plains,rain,1,1,1,2,8,3,7,1,8,5,0,1,5,3,0,3,2,4,58,85,11,0,10,auto,attacker,0.509,0.87,attacker
B0038,Orenthal League,Selene Dominion,plains,clear,2,1,9,9,0,0,2,0,1,6,7,2,3,0,3,0,3,2,82,53,77,0,0,manual,attacker,0.48,0.776,attacker
B0039,Latian Republic,Duskwood Clans,plains,rain,7,5,5,1,1,0,0,3,3,1,5,5,4,8,0,0,5,2,100,100,48,1,0,manual,defender,0.663,0.394,defender
B0040,Kessari Riders,Latian Republic,plains,fog,1,0,1,0,4,8,8,0,6,2,3,3,1,2,0,4,4,3,55,56,54,1,0,manual,attacker,0.48,0.759,attacker
B0041,Kessari Riders,Selene Dominion,forest,rain,0,0,1,0,6,12,11,0,0,0,1,4,0,0,14,11,3,5,90,66,0,0,0,manual,attacker,0.3,0.727,attacker
B0042,Vharn Confederacy,Kessari Riders,hills,clear,2,8,3,9,7,0,0,1,0,2,3,2,1,3,5,2,3,1,78,85,1,0,0,auto,attacker,0.271,0.798,attacker
B0043,Vharn Confederacy,Sable Nomads,marsh,clear,11,4,1,0,1,3,2,0,0,0,0,7,9,6,0,1,5,4,64,53,56,0,0,auto,attacker,0.477,0.616,attacker
B0044,Vharn Confederacy,Latian Republic,plains,rain,4,4,2,4,0,6,7,0,4,2,5,0,0,2,4,5,4,4,100,54,7,0,0,manual,attacker,0.349,0.695,attacker
B0045,Mareth Imperium,Vharn Confederacy,river_crossing,fog,6,1,1,0,3,0,7,0,5,3,0,3,0,3,0,5,3,2,82,49,58,0,0,auto,attacker,0.852,0.58,defender
B0046,Kessari Riders,Duskwood Clans,plains,fog,1,1,0,1,1,8,10,1,2,0,6,3,4,4,1,0,5,3,64,67,45,0,13,manual,attacker,0.298,0.615,attacker
B0047,Sable Nomads,Latian Republic,plains,clear,0,1,1,5,7,5,2,3,9,8,2,0,2,1,0,1,5,3,74,64,25,0,0,auto,attacker,0.557,0.565,defender
B0048,Vharn Confederacy,Kessari Riders,forest,clear,6,8,0,1,0,2,2,1,5,14,1,0,0,1,5,2,3,4,60,73,93,0,9,auto,defender,0.787,0.434,defender
B0049,Latian Republic,Kessari Riders,river_crossing,rain,2,3,10,0,5,0,2,1,3,0,0,0,1,7,12,0,3,1,80,65,42,0,0,manual,attacker,0.778,0.362,defender
B0050,Mareth Imperium,Vharn Confederacy,hills,fog,11,2,4,0,0,0,6,4,5,5,1,8,1,0,0,0,2,2,76,80,5,0,7,auto,attacker,0.416,0.672,attacker
B0051,Duskwood Clans,Vharn Confederacy,marsh,fog,1,0,1,1,7,5,3,5,8,5,0,5,1,2,1,0,4,3,62,100,43,0,11,auto,attacker,0.728,0.313,defender
B0052,Duskwood Clans,Selene Dominion,river_crossing,clear,1,1,1,0,12,3,0,4,2,1,0,2,3,4,3,6,5,1,40,70,32,0,11,auto,attacker,0.82,0.352,defender
B0053,Sable Nomads,Kessari Riders,marsh,clear,0,1,1,6,3,11,4,0,0,1,1,2,1,7,5,4,5,4,51,53,23,0,0,auto,attacker,0.391,0.749,attacker
B0054,Sable Nomads,Mareth Imperium,hills,clear,0,3,1,2,8,11,1,0,15,1,0,1,0,2,4,2,3,4,69,68,48,0,5,auto,attacker,0.767,0.47,defender
B0055,Kessari Riders,Latian Republic,marsh,fog,5,3,1,2,0,12,1,1,6,2,2,3,1,2,1,9,1,4,77,67,32,0,21,auto,attacker,0.441,0.841,attacker
B0056,Latian Republic,Mareth Imperium,forest,clear,6,1,11,0,0,1,5,1,3,8,0,6,0,6,1,2,3,2,73,61,24,0,0,auto,attacker,0.401,0.788,attacker
B0057,Selene Dominion,Latian Republic,plains,clear,1,0,1,12,3,2,1,2,8,10,1,0,4,1,2,1,2,3,66,100,44,0,0,auto,defender,0.777,0.441,defender
B0058,Mareth Imperium,Orenthal League,plains,clear,5,5,0,2,0,1,8,0,1,3,4,0,0,11,0,2,5,1,63,80,38,1,0,manual,attacker,0.338,0.765,attacker
B0059,Orenthal League,Kessari Riders,plains,clear,9,3,8,1,0,1,1,2,1,12,1,2,1,6,1,1,3,5,56,58,15,0,0,auto,attacker,0.49,0.798,attacker
B0060,Kessari Riders,Vharn Confederacy,plains,rain,2,0,0,3,3,8,6,0,1,8,0,1,7,2,2,0,4,1,75,75,47,1,0,auto,attacker,0.581,0.423,defender
B0061,Kessari Riders,Sable Nomads,plains,clear,0,1,1,3,4,7,3,1,1,9,0,0,4,9,1,0,2,4,95,77,53,0,0,manual,defender,0.583,0.395,defender
B0062,Kessari Riders,Orenthal League,marsh,rain,7,0,0,0,3,6,5,1,2,11,0,6,1,2,2,0,5,4,87,92,42,1,0,auto,defender,0.633,0.321,defender
B0063,Sable Nomads,Duskwood Clans,marsh,clear,2,1,0,9,1,5,0,6,0,3,1,3,11,2,1,0,3,4,57,45,5,0,0,auto,attacker,0.653,0.366,defender
B0064,Kessari Riders,Selene Dominion,plains,clear,2,3,0,3,6,6,5,0,0,1,0,8,6,0,1,10,3,4,91,78,44,1,21,auto,defender,0.366,0.647,attacker
B0065,Selene Dominion,Kessari Riders,marsh,rain,0,0,3,6,5,0,0,4,1,1,0,7,4,1,5,3,5,5,71,73,27,0,0,auto,defender,0.668,0.522,defender
B0066,Selene Dominion,Sable Nomads,forest,clear,1,2,5,3,0,5,0,10,0,0,1,8,1,7,1,0,5,3,70,66,64,0,25,manual,attacker,0.443,0.774,attacker
B0067,Sable Nomads,Duskwood Clans,forest,clear,5,7,1,3,3,3,0,5,0,1,1,3,11,1,2,0,4,2,72,50,76,0,0,auto,attacker,0.4,0.664,attacker
B0068,Mareth Imperium,Latian Republic,marsh,clear,5,7,1,0,0,10,4,0,7,1,1,0,7,5,0,1,3,2,60,41,36,0,0,auto,attacker,0.388,0.696,attacker
B0069,Kessari Riders,Mareth Imperium,plains,clear,3,1,0,1,1,7,6,0,6,3,0,0,5,6,4,1,1,5,66,71,63,1,22,manual,defender,0.613,0.388,defender
B0070,Selene Dominion,Sable Nomads,hills,clear,4,0,2,2,0,0,5,8,11,1,2,1,3,5,1,0,4,5,70,65,50,0,0,auto,defender,0.786,0.462,defender
B0071,Sable Nomads,Mareth Imperium,river_crossing,clear,1,0,1,3,11,5,1,4,4,1,1,0,4,9,2,0,1,5,84,78,17,0,25,manual,attacker,0.804,0.335,defender
B0072,Sable Nomads,Duskwood Clans,hills,fog,0,1,2,5,3,2,1,6,0,2,2,12,7,1,3,4,1,3,85,77,43,1,10,auto,defender,0.789,0.441,defender
B0073,Orenthal League,Vharn Confederacy,river_crossing,fog,8,1,2,7,0,2,0,4,3,1,5,10,0,2,1,1,4,3,82,79,40,1,6,auto,attacker,0.749,0.402,defender
B0074,Sable Nomads,Selene Dominion,river_crossing,rain,0,0,0,1,7,13,4,0,2,2,7,3,0,1,0,10,3,5,65,74,36,1,0,manual,attacker,0.828,0.47,defender
B0075,Orenthal League,Kessari Riders,hills,rain,0,5,2,1,1,10,0,0,0,4,0,2,6,5,5,2,2,5,86,85,44,0,0,auto,defender,0.525,0.803,attacker
B0076,Mareth Imperium,Vharn Confederacy,plains,rain,8,1,2,3,0,0,9,2,4,2,3,7,1,2,0,0,5,2,63,56,21,1,0,manual,attacker,0.313,0.772,attacker
B0077,Sable Nomads,Selene Dominion,forest,clear,1,1,1,11,0,7,0,1,1,5,1,7,7,2,1,1,4,2,69,77,19,0,0,auto,defender,0.455,0.826,attacker
B0078,Kessari Riders,Sable Nomads,plains,clear,1,3,1,0,9,1,5,1,3,1,4,2,3,15,2,0,2,1,65,61,0,0,10,manual,defender,0.719,0.396,defender
B0079,Latian Republic,Duskwood Clans,marsh,rain,1,7,2,3,0,3,5,0,4,0,1,1,8,4,5,1,5,4,64,81,25,1,12,manual,defender,0.48,0.7,attacker
B0080,Duskwood Clans,Mareth Imperium,hills,clear,0,3,7,1,4,3,0,4,3,0,4,3,2,1,6,3,1,1,51,67,38,1,0,auto,attacker,0.694,0.357,defender
B0081,Duskwood Clans,Selene Dominion,hills,rain,2,2,2,8,1,2,0,2,1,6,2,5,0,2,1,3,5,5,65,69,42,1,0,manual,defender,0.676,0.418,defender
B0082,Duskwood Clans,Orenthal League,marsh,clear,3,2,2,1,9,2,2,0,3,0,7,0,3,0,9,0,1,5,56,45,49,1,0,manual,defender,0.751,0.401,defender
B0083,Duskwood Clans,Selene Dominion,plains,clear,0,2,2,5,5,8,0,0,3,2,0,7,1,0,1,9,1,3,44,70,24,0,0,auto,attacker,0.398,0.761,attacker
B0084,Mareth Imperium,Selene Dominion,forest,clear,3,0,4,0,0,3,8,10,4,5,0,2,0,0,1,9,1,3,67,77,46,0,0,auto,attacker,0.736,0.541,defender
B0085,Vharn Confederacy,Kessari Riders,hills,rain,3,10,4,1,1,2,1,2,1,0,0,2,1,5,11,1,3,3,47,82,15,0,12,manual,attacker,0.337,0.671,attacker
B0086,Selene Dominion,Orenthal League,forest,fog,11,1,4,0,1,2,1,5,1,1,1,2,1,3,7,11,4,1,57,57,19,0,0,auto,attacker,0.299,0.623,attacker
B0087,Duskwood Clans,Kessari Riders,forest,clear,2,0,1,7,13,0,0,1,0,0,2,0,2,5,3,10,5,1,63,75,25,0,0,auto,attacker,0.466,0.707,attacker
B0088,Sable Nomads,Latian Republic,hills,clear,2,5,1,4,10,2,0,2,8,8,2,1,0,2,2,0,3,3,41,92,30,1,6,manual,attacker,0.754,0.412,defender
B0089,Kessari Riders,Sable Nomads,marsh,clear,1,0,0,7,1,10,5,1,0,0,2,13,6,1,0,2,3,5,83,80,20,1,12,manual,attacker,0.459,0.793,attacker
B0090,Selene Dominion,Mareth Imperium,plains,rain,0,1,2,9,6,0,1,5,10,1,2,0,2,4,7,0,1,2,81,80,21,0,25,auto,attacker,0.567,0.221,defender
B0091,Duskwood Clans,Mareth Imperium,river_crossing,fog,0,2,4,6,3,1,4,2,6,0,1,0,5,3,7,0,3,3,70,54,83,0,14,manual,attacker,0.862,0.296,defender
B0092,Orenthal League,Duskwood Clans,plains,rain,2,1,4,1,8,2,3,0,1,0,2,7,3,6,5,1,2,4,40,69,0,0,0,auto,defender,0.86,0.379,defender
B0093,Vharn Confederacy,Sable Nomads,forest,clear,1,3,0,8,3,1,1,2,0,3,3,1,3,1,7,2,5,3,80,56,20,0,0,auto,attacker,0.75,0.447,defender
B0094,Mareth Imperium,Vharn Confederacy,plains,clear,2,8,0,0,6,2,2,1,6,2,2,2,6,0,1,3,2,3,63,78,54,0,0,auto,attacker,0.542,0.873,attacker
B0095,Sable Nomads,Kessari Riders,plains,clear,0,1,2,12,5,3,2,0,0,0,2,1,0,7,13,2,3,1,79,93,43,0,0,auto,attacker,0.607,0.419,defender
B0096,Mareth Imperium,Selene Dominion,hills,rain,4,5,1,1,2,2,8,8,1,1,3,4,3,0,3,6,3,5,85,82,5,0,0,auto,attacker,0.35,0.615,attacker
B0097,Orenthal League,Duskwood Clans,marsh,fog,4,0,10,10,0,1,1,0,4,10,2,3,0,1,0,3,4,5,75,61,59,0,12,auto,attacker,0.342,0.741,attacker
B0098,Mareth Imperium,Sable Nomads,marsh,fog,3,3,0,3,0,3,4,6,1,1,0,0,7,10,2,3,3,1,64,77,0,0,22,auto,attacker,0.436,0.642,attacker
B0099,Duskwood Clans,Orenthal League,plains,clear,0,4,2,4,7,3,2,1,7,1,1,7,6,2,3,0,3,5,45,80,51,0,0,auto,defender,0.852,0.465,defender
B0100,Kessari Riders,Latian Republic,hills,rain,0,4,6,0,2,9,1,3,1,6,6,2,1,4,0,0,5,5,89,57,7,1,15,auto,attacker,0.468,0.685,attacker
B0101,Duskwood Clans,Sable Nomads,river_crossing,clear,0,1,2,8,11,4,0,0,3,2,7,2,7,3,4,0,1,1,91,78,52,0,14,manual,attacker,0.84,0.455,defender
B0102,Kessari Riders,Duskwood Clans,river_crossing,rain,0,0,1,5,3,2,3,9,5,2,8,2,4,2,4,0,3,1,59,64,52,0,16,manual,defender,0.728,0.376,defender
B0103,Mareth Imperium,Duskwood Clans,forest,clear,7,3,0,0,7,0,5,2,2,2,3,0,13,2,2,4,3,2,75,59,61,0,20,auto,defender,0.498,0.714,attacker
B0104,Duskwood Clans,Vharn Confederacy,forest,clear,0,6,5,1,3,5,1,7,0,4,1,3,8,2,1,1,5,1,83,68,43,0,0,auto,attacker,0.44,0.701,attacker
B0105,Duskwood Clans,Selene Dominion,forest,rain,0,2,2,5,2,7,4,0,0,0,6,2,3,0,3,7,3,3,50,70,18,0,0,auto,attacker,0.396,0.668,attacker
B0106,Kessari Riders,Duskwood Clans,hills,clear,0,1,1,2,3,6,4,2,0,0,8,4,6,6,0,1,3,3,76,62,56,1,6,manual,defender,0.397,0.812,attacker
B0107,Selene Dominion,Duskwood Clans,plains,clear,1,3,1,6,5,0,1,6,0,4,9,1,6,1,4,1,2,1,73,68,53,0,0,auto,defender,0.665,0.328,defender
B0108,Latian Republic,Vharn Confederacy,hills,clear,2,0,0,2,0,11,2,7,3,9,2,3,0,2,1,0,5,3,67,58,8,0,17,auto,attacker,0.791,0.514,defender
B0109,Kessari Riders,Mareth Imperium,forest,clear,1,10,0,3,7,2,2,0,6,6,3,3,0,2,2,0,1,5,65,68,54,0,0,auto,attacker,0.806,0.429,defender
B0110,Sable Nomads,Kessari Riders,plains,clear,0,9,2,3,5,2,0,0,0,0,0,6,3,9,5,1,5,2,64,71,77,0,6,manual,defender,0.853,0.415,defender
B0111,Orenthal League,Latian Republic,plains,clear,1,2,0,3,7,2,2,1,4,2,3,3,0,3,4,3,2,1,63,85,58,0,16,manual,defender,0.63,0.273,defender
B0112,Sable Nomads,Latian Republic,hills,rain,1,1,0,7,8,3,1,4,9,0,7,1,4,2,0,0,1,3,90,73,50,0,0,auto,attacker,0.731,0.568,defender
B0113,Duskwood Clans,Mareth Imperium,plains,clear,1,8,0,3,11,3,1,0,12,0,1,0,0,2,9,0,4,3,88,69,13,0,0,auto,attacker,0.807,0.491,defender
B0114,Orenthal League,Mareth Imperium,forest,clear,5,4,2,6,0,2,6,0,6,5,2,1,0,0,6,0,2,1,68,61,38,0,0,auto,attacker,0.612,0.821,attacker
B0115,Mareth Imperium,Duskwood Clans,plains,clear,0,3,7,4,0,0,7,1,1,2,4,6,8,0,0,3,5,4,79,89,36,0,0,manual,attacker,0.395,0.725,attacker
B0116,Selene Dominion,Vharn Confederacy,hills,clear,0,0,7,12,0,0,0,3,2,9,2,2,3,1,1,3,3,4,63,74,7,0,24,auto,attacker,0.417,0.697,attacker
B0117,Mareth Imperium,Kessari Riders,plains,rain,1,5,2,0,0,1,10,6,1,1,0,7,4,3,6,1,2,4,75,93,17,0,23,manual,attacker,0.425,0.802,attacker
B0118,Kessari Riders,Latian Republic,river_crossing,clear,3,5,5,0,1,1,6,5,11,0,4,0,1,2,2,2,5,1,79,63,63,0,5,auto,attacker,0.354,0.744,attacker
B0119,Orenthal League,Mareth Imperium,hills,clear,2,4,0,11,0,6,2,0,12,2,3,0,1,1,3,0,5,1,57,75,44,1,0,auto,attacker,0.425,0.782,attacker
B0120,Sable Nomads,Duskwood Clans,plains,clear,0,1,0,13,3,14,0,0,0,0,0,5,8,4,0,3,5,4,64,58,61,0,0,manual,attacker,0.391,0.65,attacker
B0121,Duskwood Clans,Sable Nomads,river_crossing,fog,1,1,3,9,2,3,1,3,0,0,1,9,2,8,2,2,3,3,64,86,29,0,0,auto,attacker,0.604,0.384,defender
B0122,Vharn Confederacy,Sable Nomads,plains,rain,12,7,0,1,0,0,1,0,0,1,4,1,2,10,2,4,2,1,82,98,33,0,0,manual,defender,0.44,0.785,attacker
B0123,Mareth Imperium,Orenthal League,hills,clear,4,11,3,2,2,0,5,0,5,13,1,0,0,0,1,2,3,5,98,56,24,1,0,manual,attacker,0.51,0.814,attacker
B0124,Orenthal League,Mareth Imperium,marsh,clear,2,9,1,5,2,4,4,0,1,0,3,0,3,15,6,3,3,4,74,68,23,0,24,auto,defender,0.416,0.672,attacker
B0125,Selene Dominion,Vharn Confederacy,marsh,clear,0,6,0,10,2,1,0,9,1,5,2,6,2,0,3,0,1,5,58,68,10,0,0,auto,attacker,0.459,0.686,attacker
B0126,Vharn Confederacy,Mareth Imperium,plains,clear,0,12,4,1,0,0,5,1,10,0,1,2,4,4,4,2,2,3,54,57,46,0,0,auto,defender,0.457,0.91,attacker
B0127,Mareth Imperium,Selene Dominion,plains,rain,7,1,1,0,0,0,5,5,1,5,3,1,5,0,4,5,3,2,62,66,43,0,0,auto,defender,0.812,0.484,defender
B0128,Mareth Imperium,Selene Dominion,forest,fog,3,6,1,0,5,4,1,0,4,4,2,4,3,0,6,0,4,2,83,53,20,0,7,auto,defender,0.527,0.713,attacker
B0129,Latian Republic,Vharn Confederacy,hills,clear,10,9,1,1,0,0,5,2,0,17,5,1,0,1,0,2,2,1,66,67,34,0,25,auto,attacker,0.722,0.401,defender
B0130,Vharn Confederacy,Kessari Riders,plains,clear,5,4,6,3,0,0,2,3,1,3,1,0,4,6,3,1,1,2,79,69,33,0,22,auto,attacker,0.38,0.883,attacker
B0131,Mareth Imperium,Latian Republic,plains,clear,6,0,1,0,1,1,7,1,3,4,1,6,1,1,8,0,3,4,82,44,28,0,9,auto,defender,0.731,0.462,defender
B0132,Vharn Confederacy,Orenthal League,plains,clear,2,12,4,0,1,2,2,0,0,7,4,11,1,1,0,0,5,5,71,70,68,0,14,auto,attacker,0.812,0.458,defender
B0133,Sable Nomads,Kessari Riders,plains,clear,1,0,1,4,13,3,0,3,0,1,0,1,0,14,0,3,1,5,74,92,48,0,0,auto,attacker,0.577,0.294,defender
B0134,Selene Dominion,Kessari Riders,hills,clear,0,8,0,5,1,1,0,3,1,0,0,0,6,9,4,1,2,1,63,73,66,0,14,auto,defender,0.411,0.604,attacker
B0135,Vharn Confederacy,Selene Dominion,forest,rain,5,0,0,13,7,1,0,0,2,1,3,8,1,0,4,4,3,4,50,59,20,1,8,manual,attacker,0.83,0.472,defender
B0136,Mareth Imperium,Kessari Riders,forest,clear,1,1,2,0,0,3,15,1,1,8,4,0,7,4,1,0,1,1,80,68,47,1,6,manual,defender,0.752,0.372,defender
B0137,Kessari Riders,Mareth Imperium,marsh,clear,4,1,0,0,8,2,9,1,8,1,9,0,3,1,1,1,4,3,89,49,27,0,14,auto,attacker,0.806,0.351,defender
B0138,Orenthal League,Vharn Confederacy,plains,clear,5,1,3,4,5,4,0,1,1,12,1,0,4,0,0,3,4,5,72,65,8,0,12,manual,attacker,0.384,0.809,attacker
B0139,Duskwood Clans,Latian Republic,marsh,clear,3,0,1,2,11,6,0,0,6,5,7,1,0,0,0,2,5,4,75,44,22,1,9,manual,attacker,0.443,0.766,attacker
B0140,Orenthal League,Mareth Imperium,plains,rain,5,2,4,3,0,2,0,0,0,2,2,11,0,2,3,2,3,1,98,64,48,0,0,manual,defender,0.699,0.488,defender
B0141,Kessari Riders,Mareth Imperium,plains,clear,1,3,0,7,2,5,4,0,1,9,0,0,0,4,4,1,5,5,64,81,80,1,24,auto,attacker,0.635,0.401,defender
B0142,Selene Dominion,Orenthal League,forest,rain,0,0,1,7,2,1,1,4,15,6,1,2,0,2,0,2,2,4,40,48,59,0,0,manual,defender,0.703,0.295,defender
B0143,Selene Dominion,Mareth Imperium,river_crossing,rain,0,4,4,9,4,2,1,1,4,9,1,5,1,0,8,0,5,1,71,48,44,0,0,auto,defender,0.743,0.464,defender
B0144,Selene Dominion,Mareth Imperium,river_crossing,clear,5,2,0,5,2,0,1,6,3,7,0,4,1,5,3,0,2,5,78,80,99,1,0,auto,defender,0.709,0.269,defender
B0145,Mareth Imperium,Selene Dominion,forest,clear,11,1,2,0,0,0,13,0,3,4,2,4,0,1,1,10,2,4,61,65,25,1,17,auto,attacker,0.497,0.826,attacker
B0146,Orenthal League,Latian Republic,forest,rain,4,5,2,0,2,11,0,1,7,2,2,0,0,7,1,2,5,3,60,70,18,1,0,auto,attacker,0.511,0.978,attacker
B0147,Kessari Riders,Mareth Imperium,marsh,clear,3,3,1,5,1,6,1,2,3,2,4,1,0,0,13,2,4,5,66,72,67,0,6,manual,defender,0.804,0.38,defender
B0148,Latian Republic,Selene Dominion,hills,clear,2,0,3,3,1,8,0,3,3,5,0,4,3,1,1,5,1,1,62,52,25,1,0,auto,defender,0.367,0.75,attacker
B0149,Mareth Imperium,Latian Republic,forest,rain,13,1,6,0,0,2,2,1,6,3,15,0,0,3,0,0,5,4,65,51,56,0,14,auto,attacker,0.474,0.785,attacker
B0150,Mareth Imperium,Duskwood Clans,plains,fog,8,2,2,1,5,0,3,1,0,3,8,1,3,9,2,0,4,2,71,73,37,0,0,auto,defender,0.795,0.396,defender
B0151,Vharn Confederacy,Duskwood Clans,river_crossing,rain,9,2,4,4,1,3,0,0,1,0,3,2,17,3,1,0,5,4,65,67,88,1,0,auto,defender,0.803,0.449,defender
B0152,Kessari Riders,Duskwood Clans,plains,clear,0,9,0,1,2,6,3,0,2,2,0,5,12,0,0,4,3,4,61,59,36,0,0,auto,defender,0.444,0.659,attacker
B0153,Kessari Riders,Orenthal League,forest,rain,0,5,1,3,10,2,4,0,3,6,0,13,3,1,0,1,4,4,74,58,49,0,0,auto,attacker,0.493,0.697,attacker
B0154,Vharn Confederacy,Duskwood Clans,hills,clear,4,9,0,8,2,2,3,0,2,3,10,2,1,0,1,0,2,5,55,93,37,0,0,auto,attacker,0.41,0.848,attacker
B0155,Mareth Imperium,Kessari Riders,river_crossing,clear,7,10,1,0,1,0,5,0,0,5,0,3,8,3,2,1,2,2,60,69,32,0,0,manual,attacker,0.555,0.745,attacker
B0156,Selene Dominion,Sable Nomads,hills,fog,1,3,2,1,1,1,0,16,4,4,5,2,1,6,0,0,5,5,42,71,44,0,0,auto,attacker,0.755,0.31,defender
B0157,Sable Nomads,Duskwood Clans,marsh,fog,2,3,1,8,2,7,0,4,1,7,3,1,5,3,1,4,4,3,48,75,77,0,14,manual,attacker,0.865,0.539,defender
B0158,Kessari Riders,Selene Dominion,plains,fog,3,0,0,5,2,0,3,5,10,2,0,2,2,0,0,3,5,4,40,77,9,0,9,manual,attacker,0.453,0.776,attacker
B0159,Vharn Confederacy,Kessari Riders,forest,fog,1,7,6,3,2,0,0,3,0,0,0,1,0,10,8,2,3,1,85,91,11,1,0,auto,attacker,0.398,0.765,attacker
B0160,Mareth Imperium,Duskwood Clans,hills,clear,8,2,0,2,0,1,9,1,0,2,4,3,7,2,3,0,2,4,64,60,27,1,0,auto,attacker,0.399,0.76,attacker
B0161,Mareth Imperium,Orenthal League,forest,rain,2,2,6,0,4,1,1,6,6,1,3,3,7,2,1,0,4,5,47,91,40,1,0,auto,defender,0.803,0.399,defender
B0162,Selene Dominion,Orenthal League,river_crossing,clear,0,8,3,3,2,3,1,7,5,0,4,1,1,7,0,5,3,3,44,90,0,1,0,manual,attacker,0.464,0.83,attacker
B0163,Kessari Riders,Vharn Confederacy,forest,clear,8,0,0,3,1,10,2,4,2,2,3,1,0,6,4,1,4,2,55,88,23,0,0,auto,attacker,0.434,0.819,attacker
B0164,Vharn Confederacy,Latian Republic,plains,fog,5,3,1,1,9,0,2,1,1,9,6,0,1,5,0,0,3,1,70,73,26,1,9,auto,attacker,0.8,0.441,defender
B0165,Kessari Riders,Mareth Imperium,hills,clear,0,2,1,5,3,7,7,0,2,12,0,1,4,0,1,3,4,2,41,67,14,1,25,manual,attacker,0.647,0.489,defender
B0166,Kessari Riders,Orenthal League,plains,rain,0,0,12,2,0,2,2,1,1,3,2,0,1,2,14,1,5,2,59,76,7,1,21,auto,defender,0.849,0.313,defender
B0167,Mareth Imperium,Duskwood Clans,plains,clear,1,3,0,2,1,8,7,2,3,7,2,3,9,0,0,0,3,4,60,79,20,0,0,auto,attacker,0.434,0.795,attacker
B0168,Latian Republic,Selene Dominion,plains,fog,5,4,1,2,5,0,1,6,1,0,1,10,5,6,0,3,2,1,59,58,7,0,0,auto,attacker,0.827,0.454,defender
B0169,Vharn Confederacy,Latian Republic,marsh,clear,3,3,2,1,2,4,8,1,5,4,9,0,1,1,1,0,1,4,74,85,50,1,22,auto,attacker,0.671,0.354,defender
B0170,Latian Republic,Mareth Imperium,forest,clear,4,1,6,1,0,3,1,3,3,5,0,0,4,6,4,9,5,4,61,57,40,0,7,auto,defender,0.849,0.415,defender
B0171,Duskwood Clans,Mareth Imperium,river_crossing,clear,2,1,1,2,2,2,0,16,2,13,2,1,0,1,4,4,5,2,71,80,30,0,0,auto,attacker,0.719,0.47,defender
B0172,Orenthal League,Selene Dominion,plains,clear,5,1,3,7,3,0,4,2,0,11,2,2,2,8,1,1,1,5,83,90,34,1,0,auto,defender,0.815,0.362,defender
B0173,Vharn Confederacy,Duskwood Clans,hills,clear,1,4,2,0,3,6,7,0,3,3,1,6,6,3,2,3,4,4,64,62,25,1,13,auto,defender,0.517,0.844,attacker
B0174,Vharn Confederacy,Orenthal League,plains,clear,8,2,0,3,0,0,2,13,11,1,0,1,2,1,2,7,1,2,47,63,27,0,0,auto,attacker,0.774,0.479,defender
B0175,Kessari Riders,Latian Republic,hills,clear,3,0,3,0,8,1,5,0,7,4,0,2,1,3,1,1,1,1,86,78,48,0,6,auto,attacker,0.772,0.461,defender
B0176,Mareth Imperium,Orenthal League,plains,fog,8,3,1,2,1,0,2,1,6,2,1,10,3,0,2,0,2,1,67,73,41,0,0,manual,defender,0.709,0.392,defender
B0177,Duskwood Clans,Mareth Imperium,river_crossing,clear,1,1,0,3,4,12,0,1,3,19,0,1,1,1,7,0,1,4,71,75,0,1,0,auto,defender,0.657,0.323,defender
B0178,Duskwood Clans,Kessari Riders,river_crossing,clear,1,3,0,8,3,4,3,3,4,0,1,1,1,7,4,0,4,1,74,66,43,0,8,auto,attacker,0.493,0.736,attacker
B0179,Vharn Confederacy,Duskwood Clans,plains,clear,3,5,1,1,5,2,0,4,0,0,1,3,11,1,0,5,2,3,75,52,49,0,22,auto,attacker,0.367,0.765,attacker
B0180,Mareth Imperium,Vharn Confederacy,marsh,clear,3,0,3,1,3,1,8,4,3,4,6,3,2,0,1,4,2,4,74,80,48,1,11,auto,attacker,0.669,0.428,defender
B0181,Orenthal League,Vharn Confederacy,plains,rain,1,10,3,1,3,1,2,0,2,6,4,6,0,0,0,4,2,5,88,61,40,0,0,auto,attacker,0.508,0.809,attacker
B0182,Selene Dominion,Vharn Confederacy,plains,clear,1,2,0,2,3,0,1,12,1,2,0,10,4,0,0,3,1,3,95,69,33,0,0,manual,attacker,0.457,0.794,attacker
B0183,Kessari Riders,Vharn Confederacy,forest,clear,1,1,7,1,6,4,1,2,5,1,0,20,0,0,0,1,3,2,76,66,15,1,0,auto,defender,0.408,0.863,attacker
B0184,Latian Republic,Kessari Riders,plains,clear,2,5,5,2,6,4,1,0,0,0,2,0,3,12,6,4,5,1,86,88,53,1,0,auto,defender,0.721,0.449,defender
B0185,Selene Dominion,Latian Republic,plains,clear,3,3,1,7,4,0,0,2,0,6,8,1,1,0,5,3,1,4,88,78,19,0,6,auto,defender,0.795,0.554,defender
B0186,Vharn Confederacy,Orenthal League,hills,fog,4,7,9,0,0,1,0,0,1,3,4,2,1,2,6,2,1,1,60,77,33,0,0,auto,attacker,0.532,0.736,attacker
B0187,Latian Republic,Orenthal League,plains,rain,4,2,5,1,1,3,10,1,4,1,8,1,0,7,0,6,3,1,66,57,25,1,0,manual,attacker,0.476,0.849,attacker
B0188,Vharn Confederacy,Sable Nomads,river_crossing,fog,1,16,1,1,0,8,0,2,4,1,0,2,9,7,5,0,4,1,91,100,12,0,10,manual,attacker,0.264,0.832,attacker
B0189,Orenthal League,Vharn Confederacy,marsh,fog,13,1,2,1,0,3,4,6,5,2,0,5,4,4,0,1,1,5,59,77,34,1,0,manual,attacker,0.607,0.79,attacker
B0190,Duskwood Clans,Orenthal League,marsh,rain,0,1,1,6,11,3,0,0,0,1,1,6,6,1,1,7,4,5,69,46,68,0,0,manual,attacker,0.575,0.705,attacker
B0191,Duskwood Clans,Latian Republic,hills,clear,0,3,1,1,4,6,6,2,10,0,4,3,8,2,0,1,3,5,53,85,52,1,0,auto,defender,0.799,0.408,defender
B0192,Duskwood Clans,Latian Republic,river_crossing,fog,1,0,2,7,3,10,0,1,3,9,1,1,2,2,6,0,5,1,73,82,35,0,25,manual,attacker,0.682,0.42,defender
B0193,Latian Republic,Sable Nomads,hills,rain,5,0,13,3,2,1,0,2,0,0,3,7,4,4,0,2,3,4,51,80,20,0,0,auto,attacker,0.506,0.774,attacker
B0194,Sable Nomads,Kessari Riders,plains,fog,4,1,6,12,1,5,0,2,1,0,2,6,3,1,10,3,1,5,62,80,63,1,0,auto,attacker,0.724,0.449,defender
B0195,Kessari Riders,Vharn Confederacy,hills,rain,7,3,1,1,0,2,12,4,6,4,0,7,0,3,1,0,5,4,55,66,0,0,0,manual,attacker,0.536,0.71,attacker
B0196,Duskwood Clans,Selene Dominion,marsh,clear,1,1,11,1,5,1,1,0,1,5,4,1,1,3,5,2,4,1,53,94,44,1,25,auto,defender,0.859,0.484,defender
B0197,Vharn Confederacy,Duskwood Clans,hills,clear,9,2,2,3,3,2,1,0,2,1,6,1,10,3,0,2,1,4,62,64,26,0,25,auto,defender,0.367,0.754,attacker
B0198,Kessari Riders,Sable Nomads,forest,clear,2,3,2,0,2,9,1,0,1,0,0,6,1,6,7,1,5,4,68,69,36,0,0,auto,defender,0.412,0.704,attacker
B0199,Duskwood Clans,Mareth Imperium,forest,clear,1,2,0,1,4,4,5,5,13,2,5,1,3,0,0,0,5,5,99,68,41,1,16,auto,defender,0.807,0.288,defender
B0200,Latian Republic,Sable Nomads,river_crossing,clear,6,1,3,0,0,7,0,1,0,3,0,6,4,8,0,6,5,2,71,58,62,0,12,auto,defender,0.698,0.506,defender
B0201,Selene Dominion,Vharn Confederacy,forest,clear,1,2,0,1,3,0,6,4,3,4,0,15,7,0,1,0,4,4,70,56,49,0,0,manual,defender,0.761,0.38,defender
B0202,Duskwood Clans,Mareth Imperium,river_crossing,clear,3,0,1,4,13,4,2,1,4,0,0,2,0,1,11,0,5,3,73,94,63,0,0,auto,attacker,0.687,0.461,defender
B0203,Sable Nomads,Kessari Riders,forest,clear,4,0,1,0,2,8,0,3,5,0,2,1,6,7,3,0,2,2,70,77,56,0,0,auto,defender,0.774,0.441,defender
B0204,Selene Dominion,Duskwood Clans,river_crossing,clear,0,2,3,2,2,0,7,8,2,2,6,6,6,2,1,0,4,1,73,80,34,0,13,manual,attacker,0.98,0.46,defender
B0205,Selene Dominion,Sable Nomads,marsh,rain,2,1,5,10,1,0,0,2,1,0,0,9,1,9,2,4,5,1,55,89,38,0,0,auto,defender,0.758,0.423,defender
B0206,Mareth Imperium,Kessari Riders,forest,clear,5,4,2,1,10,0,1,2,0,0,4,1,5,2,14,1,4,5,56,77,0,1,0,manual,defender,0.489,0.849,attacker
B0207,Kessari Riders,Latian Republic,hills,rain,0,0,12,1,9,3,2,0,0,1,12,1,0,9,0,0,4,2,92,93,4,0,0,auto,attacker,0.469,0.702,attacker
B0208,Mareth Imperium,Duskwood Clans,plains,clear,7,2,0,0,5,0,9,0,3,0,10,1,6,1,0,1,3,2,65,71,76,1,0,auto,attacker,0.349,0.582,attacker
B0209,Mareth Imperium,Latian Republic,plains,rain,4,1,2,2,0,0,5,8,2,1,3,7,1,3,3,2,4,2,76,66,53,0,0,manual,attacker,0.766,0.433,defender
B0210,Kessari Riders,Selene Dominion,plains,fog,0,2,0,2,4,8,6,0,7,1,0,0,2,1,7,9,3,3,85,84,23,0,0,auto,defender,0.409,0.668,attacker
B0211,Orenthal League,Selene Dominion,plains,clear,3,2,3,5,8,1,0,0,1,2,3,1,6,0,4,3,5,2,52,56,3,1,16,manual,attacker,0.758,0.485,defender
B0212,Orenthal League,Duskwood Clans,marsh,rain,6,2,1,3,4,3,0,5,1,3,1,3,7,2,2,5,3,1,55,73,53,1,0,auto,attacker,0.745,0.531,defender
B0213,Duskwood Clans,Mareth Imperium,marsh,clear,5,0,8,4,1,6,1,3,6,0,1,1,2,10,2,0,2,1,100,62,60,0,0,manual,attacker,0.493,0.742,attacker
B0214,Sable Nomads,Kessari Riders,plains,clear,7,0,2,10,0,3,0,2,2,0,0,0,11,3,2,1,2,5,76,64,68,0,0,auto,attacker,0.648,0.422,defender
B0215,Vharn Confederacy,Selene Dominion,hills,rain,0,13,0,3,3,0,1,1,0,5,0,4,10,1,0,0,5,5,65,71,26,0,25,auto,attacker,0.821,0.398,defender
B0216,Orenthal League,Mareth Imperium,plains,clear,7,1,2,5,4,3,0,0,8,14,1,0,0,0,1,1,4,5,81,61,29,0,0,manual,defender,0.458,0.839,attacker
B0217,Selene Dominion,Latian Republic,hills,clear,0,1,3,5,3,1,9,3,15,0,3,0,1,0,1,5,2,2,47,69,38,0,0,auto,attacker,0.403,0.719,attacker
B0218,Vharn Confederacy,Latian Republic,hills,clear,5,3,1,3,1,5,0,3,1,1,1,0,14,3,3,2,4,5,72,53,24,0,21,auto,defender,0.461,0.9,attacker
B0219,Orenthal League,Selene Dominion,plains,clear,3,1,2,9,4,5,1,0,1,1,1,18,4,0,0,2,3,2,71,86,25,0,0,auto,attacker,0.449,0.686,attacker
B0220,Vharn Confederacy,Latian Republic,plains,clear,7,3,8,2,0,0,0,0,1,1,7,1,4,1,0,9,4,3,74,52,40,0,0,auto,defender,0.711,0.46,defender
B0221,Orenthal League,Latian Republic,marsh,clear,1,14,1,0,0,3,0,0,17,2,1,0,1,1,1,0,3,2,81,60,49,1,0,auto,defender,0.877,0.437,defender
B0222,Orenthal League,Mareth Imperium,forest,clear,3,3,5,1,1,2,1,5,8,4,1,1,0,3,9,0,4,3,81,45,51,1,19,manual,defender,0.761,0.474,defender
B0223,Kessari Riders,Selene Dominion,forest,clear,3,1,0,1,1,9,12,1,2,3,4,10,1,0,1,6,5,2,72,88,37,0,0,auto,attacker,0.505,0.904,attacker
B0224,Selene Dominion,Latian Republic,hills,fog,1,0,1,4,0,8,0,12,9,3,4,1,0,5,2,1,1,5,64,81,38,1,0,auto,attacker,0.717,0.463,defender
B0225,Orenthal League,Sable Nomads,plains,fog,0,1,3,13,0,1,0,4,0,0,0,6,2,6,7,1,1,1,57,68,66,0,5,auto,attacker,0.707,0.343,defender
B0226,Selene Dominion,Duskwood Clans,plains,clear,1,4,2,0,10,2,2,3,0,1,9,1,3,5,3,1,4,2,69,91,29,0,0,auto,attacker,0.709,0.461,defender
B0227,Latian Republic,Orenthal League,hills,clear,5,7,5,0,1,0,0,8,3,2,8,4,0,3,0,3,4,2,55,50,50,1,0,auto,attacker,0.842,0.43,defender
B0228,Kessari Riders,Duskwood Clans,plains,clear,0,3,0,4,1,2,15,3,1,1,10,0,6,1,2,1,2,5,72,71,56,1,0,auto,attacker,0.399,0.581,attacker
B0229,Orenthal League,Vharn Confederacy,plains,clear,1,0,6,1,3,0,2,8,1,2,2,2,0,4,1,14,3,3,83,82,34,1,0,auto,defender,0.734,0.304,defender
B0230,Vharn Confederacy,Orenthal League,hills,rain,1,7,6,3,0,2,3,2,1,2,4,4,0,6,3,2,4,5,75,72,35,1,0,manual,attacker,0.42,0.677,attacker
B0231,Orenthal League,Sable Nomads,plains,clear,1,1,3,12,5,1,0,0,0,0,0,8,6,8,1,1,3,5,43,74,76,0,0,auto,attacker,0.591,0.293,defender
B0232,Sable Nomads,Mareth Imperium,forest,clear,0,0,0,0,7,14,1,1,2,2,0,0,0,4,13,3,2,3,82,66,60,0,0,auto,attacker,0.498,0.362,defender
B0233,Orenthal League,Duskwood Clans,marsh,rain,0,13,0,6,1,7,3,0,5,0,2,0,7,6,1,3,2,1,72,47,19,0,6,auto,attacker,0.385,0.648,attacker
B0234,Selene Dominion,Orenthal League,plains,rain,1,13,3,1,2,1,0,2,3,5,7,1,4,1,1,1,5,1,87,85,0,0,0,auto,attacker,0.831,0.392,defender
B0235,Duskwood Clans,Selene Dominion,plains,clear,0,5,5,2,4,1,5,0,0,2,1,1,7,7,8,1,5,1,81,78,11,0,0,manual,defender,0.864,0.378,defender
B0236,Kessari Riders,Sable Nomads,plains,clear,0,1,2,7,1,14,0,2,2,3,0,9,6,7,2,0,3,4,62,54,32,0,18,manual,attacker,0.449,0.66,attacker
B0237,Mareth Imperium,Orenthal League,hills,rain,4,9,1,1,1,9,3,0,3,2,6,3,1,5,0,0,5,1,62,69,60,0,0,auto,attacker,0.464,0.72,attacker
B0238,Kessari Riders,Mareth Imperium,plains,fog,0,3,4,0,4,5,3,2,8,3,2,4,2,0,1,5,2,4,90,75,66,1,0,manual,defender,0.695,0.532,defender
B0239,Vharn Confederacy,Mareth Imperium,river_crossing,clear,3,4,5,3,0,0,2,8,2,3,0,0,0,0,7,9,2,3,83,79,68,0,9,auto,attacker,0.408,0.893,attacker
B0240,Latian Republic,Mareth Imperium,plains,clear,7,5,1,1,1,2,3,0,2,4,4,3,6,4,1,1,5,4,77,54,41,0,18,auto,defender,0.454,0.952,attacker
B0241,Orenthal League,Selene Dominion,plains,clear,1,4,5,1,5,8,4,0,0,2,0,1,3,1,1,9,3,2,70,95,3,1,20,auto,attacker,0.311,0.698,attacker
B0242,Selene Dominion,Duskwood Clans,hills,rain,0,2,1,6,7,4,1,1,0,2,2,3,6,2,0,9,4,4,97,67,24,0,22,manual,attacker,0.418,0.744,attacker
B0243,Vharn Confederacy,Latian Republic,river_crossing,fog,4,8,0,2,3,0,3,3,5,0,9,2,4,0,1,6,1,3,65,40,31,0,22,auto,defender,0.629,0.473,defender
B0244,Kessari Riders,Selene Dominion,forest,clear,1,0,0,1,3,9,2,3,0,2,2,7,5,4,2,5,1,1,71,100,17,0,14,auto,defender,0.427,0.819,attacker
B0245,Selene Dominion,Duskwood Clans,forest,rain,2,8,0,2,12,1,0,2,4,5,1,1,13,0,0,2,4,2,97,85,24,0,0,auto,attacker,0.515,0.772,attacker
B0246,Sable Nomads,Duskwood Clans,river_crossing,clear,1,1,0,2,1,19,1,0,1,0,3,1,4,7,0,3,4,5,78,62,3,1,0,manual,attacker,0.495,0.77,attacker
B0247,Sable Nomads,Orenthal League,forest,rain,0,7,1,3,3,5,1,0,1,1,5,4,2,6,3,0,4,5,68,62,26,0,17,auto,attacker,0.44,0.904,attacker
B0248,Mareth Imperium,Vharn Confederacy,river_crossing,fog,3,3,1,5,0,0,12,0,5,10,0,4,1,0,2,4,5,2,50,74,21,0,9,auto,attacker,0.88,0.429,defender
B0249,Duskwood Clans,Kessari Riders,forest,clear,2,2,4,6,6,7,2,0,0,0,3,1,3,2,4,5,2,4,62,50,43,0,0,auto,attacker,0.312,0.704,attacker
B0250,Sable Nomads,Duskwood Clans,hills,clear,6,2,3,2,7,3,0,0,1,2,3,0,6,5,0,7,1,5,55,56,58,0,22,manual,attacker,0.722,0.498,defender
B0251,Mareth Imperium,Sable Nomads,river_crossing,fog,3,0,0,2,8,5,3,0,2,0,4,13,0,3,2,0,1,1,83,81,35,0,20,auto,defender,0.386,0.772,attacker
B0252,Selene Dominion,Orenthal League,plains,rain,0,4,0,1,8,0,5,8,5,5,0,0,7,1,0,1,3,4,82,59,38,1,0,manual,attacker,0.393,0.602,attacker
B0253,Kessari Riders,Orenthal League,forest,rain,0,1,1,5,0,6,12,1,1,1,0,2,0,7,8,4,4,1,51,67,0,0,0,auto,attacker,0.323,0.826,attacker
B0254,Orenthal League,Vharn Confederacy,hills,clear,1,1,2,4,0,3,13,0,3,4,1,10,0,1,0,5,3,2,65,82,51,0,19,auto,attacker,0.368,0.786,attacker
B0255,Kessari Riders,Mareth Imperium,marsh,clear,7,1,0,0,2,2,10,1,1,2,0,3,3,0,8,1,1,5,61,62,43,0,0,manual,attacker,0.332,0.626,attacker
B0256,Sable Nomads,Mareth Imperium,forest,clear,0,0,4,8,3,1,13,1,15,0,3,0,0,1,8,0,3,4,79,84,41,1,24,auto,attacker,0.719,0.431,defender
B0257,Latian Republic,Selene Dominion,marsh,clear,2,2,16,1,0,2,0,0,0,2,0,9,6,0,1,2,5,3,76,62,44,1,0,auto,attacker,0.399,0.771,attacker
B0258,Selene Dominion,Latian Republic,plains,clear,7,1,4,4,4,2,5,2,7,2,2,3,2,6,3,0,4,4,84,82,23,0,20,auto,attacker,0.425,0.868,attacker
B0259,Sable Nomads,Selene Dominion,plains,clear,0,4,0,9,6,0,0,1,0,3,2,7,1,1,1,10,3,4,75,92,47,0,0,auto,defender,0.744,0.359,defender
B0260,Sable Nomads,Vharn Confederacy,forest,clear,0,2,0,2,9,3,7,2,8,5,5,3,0,1,5,0,3,1,87,69,46,1,0,auto,defender,0.674,0.335,defender
B0261,Kessari Riders,Orenthal League,plains,clear,0,2,0,0,4,5,3,10,7,6,3,3,1,1,3,3,2,4,66,40,19,0,0,auto,defender,0.623,0.391,defender
B0262,Sable Nomads,Selene Dominion,plains,clear,3,1,0,4,6,2,2,5,9,1,5,4,0,3,0,5,4,2,44,73,17,0,0,auto,defender,0.423,0.948,attacker
B0263,Orenthal League,Duskwood Clans,river_crossing,clear,1,6,5,0,0,6,2,2,2,1,6,3,5,1,3,0,1,1,86,68,47,1,0,auto,attacker,0.739,0.583,defender
B0264,Selene Dominion,Kessari Riders,marsh,rain,3,3,4,3,2,2,0,1,0,0,1,6,4,7,2,2,2,5,63,61,52,0,24,auto,defender,0.771,0.425,defender
B0265,Mareth Imperium,Kessari Riders,hills,clear,5,3,0,4,0,1,7,1,6,0,1,0,1,5,11,1,2,2,40,100,53,1,13,auto,defender,0.921,0.442,defender
B0266,Kessari Riders,Latian Republic,hills,clear,0,0,3,2,1,18,2,0,7,6,3,3,7,0,0,1,2,5,61,84,35,0,19,manual,attacker,0.82,0.481,defender
B0267,Kessari Riders,Sable Nomads,hills,clear,0,9,3,0,2,0,9,0,0,4,0,4,7,9,3,0,4,1,54,97,55,1,5,auto,defender,0.458,0.709,attacker
B0268,Vharn Confederacy,Selene Dominion,river_crossing,rain,6,5,0,2,5,2,0,2,2,2,0,4,11,0,1,2,4,4,59,69,9,1,0,manual,attacker,0.712,0.527,defender
B0269,Duskwood Clans,Kessari Riders,plains,clear,4,2,2,1,8,3,2,2,2,6,7,1,2,4,2,0,2,1,58,57,31,0,0,manual,attacker,0.846,0.442,defender
B0270,Duskwood Clans,Selene Dominion,plains,clear,1,1,2,8,6,3,6,0,5,2,1,9,0,0,1,5,1,5,44,83,0,1,0,auto,attacker,0.456,0.812,attacker
B0271,Sable Nomads,Latian Republic,plains,clear,2,0,1,9,8,2,0,1,1,5,4,2,0,0,9,1,5,2,81,75,0,0,0,auto,attacker,0.774,0.394,defender
B0272,Mareth Imperium,Selene Dominion,marsh,clear,3,1,1,0,9,1,3,0,0,2,4,2,3,1,0,8,5,4,70,93,58,0,20,auto,defender,0.549,0.757,attacker
B0273,Orenthal League,Kessari Riders,plains,fog,0,1,0,6,0,9,8,0,4,1,1,0,2,8,2,1,4,1,100,68,14,0,0,auto,attacker,0.396,0.768,attacker
B0274,Orenthal League,Sable Nomads,plains,clear,1,3,4,11,4,1,4,0,0,0,1,3,1,19,2,0,4,4,65,51,5,0,0,manual,attacker,0.669,0.424,defender
B0275,Mareth Imperium,Orenthal League,forest,clear,10,4,0,2,0,1,6,2,2,1,1,6,0,13,6,0,1,4,50,56,58,0,0,auto,defender,0.683,0.448,defender
B0276,Kessari Riders,Orenthal League,marsh,clear,0,2,0,2,2,8,8,4,1,2,7,3,1,6,2,0,3,4,74,55,20,0,0,manual,attacker,0.81,0.515,defender
B0277,Duskwood Clans,Vharn Confederacy,plains,clear,0,4,1,3,5,10,0,4,0,2,0,0,3,0,14,5,3,2,73,61,71,0,0,auto,attacker,0.817,0.456,defender
B0278,Kessari Riders,Duskwood Clans,plains,fog,0,4,12,0,6,4,1,1,1,5,0,7,4,0,0,6,5,3,77,72,10,1,0,auto,attacker,0.334,0.624,attacker
B0279,Vharn Confederacy,Duskwood Clans,plains,clear,8,3,3,1,0,2,4,3,0,1,1,5,6,9,1,0,4,3,74,54,51,0,5,manual,attacker,0.379,0.757,attacker
B0280,Orenthal League,Vharn Confederacy,hills,rain,6,0,4,2,1,2,1,6,2,11,2,1,3,2,0,3,5,3,76,81,30,1,0,auto,defender,0.651,0.625,defender
B0281,Duskwood Clans,Vharn Confederacy,hills,clear,2,1,4,4,11,1,2,3,3,7,1,5,1,4,0,1,1,2,57,58,24,0,0,auto,attacker,0.44,0.797,attacker
B0282,Duskwood Clans,Latian Republic,plains,clear,0,0,1,4,5,2,4,4,7,2,3,1,1,1,2,5,1,5,48,65,46,0,0,manual,attacker,0.81,0.467,defender
B0283,Duskwood Clans,Mareth Imperium,hills,clear,11,0,3,2,6,2,5,0,4,0,4,2,0,1,8,4,1,3,79,57,65,0,24,manual,attacker,0.43,0.818,attacker
B0284,Sable Nomads,Latian Republic,hills,clear,4,4,1,4,1,8,0,0,12,1,2,0,2,1,0,4,5,2,56,63,54,0,0,auto,attacker,0.358,0.659,attacker
B0285,Orenthal League,Selene Dominion,hills,clear,1,0,9,7,0,8,0,0,0,0,0,0,3,1,6,9,5,2,74,71,23,1,0,auto,attacker,0.442,0.733,attacker
B0286,Selene Dominion,Vharn Confederacy,river_crossing,clear,0,0,1,10,1,1,9,1,4,7,1,12,0,0,1,2,3,2,73,64,41,1,12,auto,defender,0.898,0.566,defender
B0287,Selene Dominion,Latian Republic,forest,clear,1,4,4,3,0,0,5,2,7,5,5,0,1,0,2,2,3,3,58,65,17,1,0,manual,defender,0.733,0.51,defender
B0288,Mareth Imperium,Vharn Confederacy,hills,fog,4,4,2,0,0,1,11,0,4,11,2,7,1,0,0,1,2,3,78,69,31,0,0,auto,defender,0.712,0.449,defender
B0289,Duskwood Clans,Selene Dominion,forest,rain,1,0,10,1,11,1,0,3,0,3,2,1,2,3,1,10,5,2,80,60,48,0,0,auto,attacker,0.336,0.694,attacker
B0290,Sable Nomads,Duskwood Clans,river_crossing,clear,2,2,9,1,0,4,0,3,3,2,10,5,4,2,2,0,4,2,79,93,48,1,13,auto,defender,0.668,0.411,defender
B0291,Latian Republic,Selene Dominion,plains,clear,3,4,9,1,0,1,2,5,1,1,1,2,8,2,0,9,1,1,80,80,12,0,0,manual,attacker,0.362,0.729,attacker
B0292,Selene Dominion,Latian Republic,hills,fog,3,0,0,6,2,0,1,7,3,9,0,0,2,0,3,6,4,5,56,49,40,1,24,auto,defender,0.763,0.289,defender
B0293,Vharn Confederacy,Latian Republic,hills,rain,7,5,2,3,1,1,3,2,2,6,3,0,2,0,0,14,1,4,74,94,12,0,0,auto,defender,0.467,0.767,attacker
B0294,Kessari Riders,Duskwood Clans,marsh,clear,1,0,1,13,1,3,5,1,1,4,4,2,5,1,3,1,3,4,74,79,0,1,0,manual,attacker,0.819,0.39,defender
B0295,Latian Republic,Orenthal League,plains,clear,2,1,3,1,1,1,1,15,4,3,4,2,0,3,0,3,4,5,54,85,36,0,0,auto,attacker,0.689,0.471,defender
B0296,Kessari Riders,Orenthal League,plains,fog,0,0,1,1,2,4,7,8,1,7,4,2,3,2,1,1,2,3,45,77,26,0,0,manual,attacker,0.744,0.43,defender
B0297,Mareth Imperium,Vharn Confederacy,hills,clear,1,13,0,1,1,7,1,2,1,1,0,13,2,1,5,0,2,4,66,73,6,0,22,auto,attacker,0.443,0.81,attacker
B0298,Latian Republic,Kessari Riders,hills,fog,11,5,0,3,1,5,0,0,1,2,11,0,2,10,3,0,1,5,74,67,24,0,15,manual,defender,0.475,0.792,attacker
B0299,Vharn Confederacy,Sable Nomads,plains,clear,4,2,1,1,0,4,6,3,0,1,4,5,3,7,0,6,5,1,79,82,6,1,20,auto,defender,0.331,0.793,attacker
B0300,Sable Nomads,Orenthal League,plains,rain,4,8,0,1,7,9,0,0,1,3,4,2,1,4,2,8,2,3,40,74,52,0,0,auto,attacker,0.463,0.785,attacker
B0301,Orenthal League,Latian Republic,plains,clear,0,0,2,15,1,3,3,0,14,2,3,1,0,1,3,1,3,5,61,77,0,0,0,auto,attacker,0.514,0.98,attacker
B0302,Orenthal League,Mareth Imperium,hills,rain,5,5,4,1,0,0,1,15,8,0,1,0,0,4,6,2,2,3,40,74,32,0,21,auto,attacker,0.66,0.427,defender
B0303,Orenthal League,Selene Dominion,hills,clear,1,0,8,13,2,1,0,3,0,4,3,3,8,1,0,3,5,5,58,42,11,0,0,manual,attacker,0.435,0.787,attacker
B0304,Vharn Confederacy,Latian Republic,marsh,rain,0,2,0,8,10,0,1,8,7,2,4,8,1,0,0,0,2,2,60,78,36,0,12,auto,attacker,0.34,0.767,attacker
B0305,Duskwood Clans,Selene Dominion,river_crossing,clear,1,1,0,0,16,2,1,1,3,4,0,2,2,7,1,9,2,3,79,66,35,1,0,auto,defender,0.69,0.348,defender
B0306,Duskwood Clans,Latian Republic,hills,clear,1,0,3,3,9,2,4,0,14,5,0,1,1,1,0,0,1,3,41,90,45,0,19,auto,attacker,0.639,0.35,defender
B0307,Sable Nomads,Duskwood Clans,plains,clear,0,4,2,0,3,16,2,1,3,1,6,3,2,1,1,2,5,4,83,80,27,0,24,manual,attacker,0.412,0.802,attacker
B0308,Selene Dominion,Vharn Confederacy,river_crossing,clear,1,2,4,2,12,1,0,5,5,11,1,1,3,0,0,0,4,2,92,49,61,0,21,auto,attacker,0.4,0.813,attacker
B0309,Latian Republic,Sable Nomads,hills,rain,1,10,3,1,0,4,4,4,2,7,0,3,2,5,1,2,3,3,53,41,0,0,20,auto,attacker,0.442,0.663,attacker
B0310,Duskwood Clans,Selene Dominion,forest,fog,3,1,1,2,8,1,3,2,2,4,1,1,7,0,1,6,4,5,67,74,22,0,22,auto,attacker,0.41,0.91,attacker
B0311,Selene Dominion,Orenthal League,marsh,clear,4,5,2,6,1,0,2,4,1,0,5,3,6,3,0,3,2,5,65,59,61,0,0,manual,attacker,0.75,0.502,defender
B0312,Sable Nomads,Orenthal League,forest,rain,6,1,1,4,4,4,0,4,1,4,2,4,1,2,5,3,5,3,69,56,18,1,0,auto,attacker,0.516,0.815,attacker
B0313,Sable Nomads,Duskwood Clans,plains,clear,2,3,0,2,11,5,1,0,5,1,2,0,1,5,5,2,3,1,52,75,46,0,0,auto,attacker,0.913,0.415,defender
B0314,Mareth Imperium,Selene Dominion,plains,clear,4,1,1,0,0,0,11,8,1,1,6,1,11,2,0,1,5,1,91,48,47,1,0,manual,attacker,0.402,0.664,attacker
B0315,Mareth Imperium,Vharn Confederacy,forest,clear,4,6,0,2,3,3,1,5,7,4,0,2,0,2,5,3,3,3,81,90,36,0,14,auto,attacker,0.745,0.445,defender
B0316,Sable Nomads,Duskwood Clans,plains,rain,1,0,4,5,1,9,1,0,10,0,5,4,5,1,0,0,3,5,50,64,2,0,0,auto,defender,0.439,0.681,attacker
B0317,Kessari Riders,Selene Dominion,river_crossing,clear,3,4,1,4,1,1,6,2,0,1,0,8,0,0,5,10,5,1,63,74,37,1,0,auto,defender,0.521,0.821,attacker
B0318,Latian Republic,Mareth Imperium,forest,clear,6,2,8,2,2,1,0,1,1,3,0,0,0,0,13,5,4,5,87,73,78,0,0,manual,attacker,0.386,0.914,attacker
B0319,Kessari Riders,Selene Dominion,plains,clear,1,7,0,7,0,5,3,2,0,2,1,8,3,0,10,2,2,5,66,78,41,0,0,auto,attacker,0.473,0.742,attacker
B0320,Sable Nomads,Kessari Riders,forest,clear,0,1,2,7,1,7,0,8,2,0,3,4,6,6,4,2,4,5,97,48,41,0,14,auto,attacker,0.935,0.391,defender
B0321,Kessari Riders,Mareth Imperium,plains,rain,10,0,0,1,5,7,1,1,7,3,0,1,0,1,10,1,5,2,89,48,69,0,0,auto,attacker,0.579,0.482,defender
B0322,Latian Republic,Duskwood Clans,marsh,rain,9,5,2,3,1,1,4,2,0,1,2,7,10,2,0,1,2,1,74,75,3,1,0,auto,attacker,0.444,0.738,attacker
B0323,Mareth Imperium,Duskwood Clans,plains,rain,15,1,0,3,0,0,3,0,1,0,9,0,4,1,10,1,2,4,70,67,45,0,11,auto,defender,0.44,0.741,attacker
B0324,Selene Dominion,Sable Nomads,plains,rain,12,4,0,3,4,1,0,2,6,0,4,2,3,4,0,2,1,2,89,87,40,1,19,manual,attacker,0.765,0.387,defender
B0325,Vharn Confederacy,Selene Dominion,river_crossing,clear,3,14,1,2,2,0,1,0,0,1,0,5,0,6,5,2,5,3,83,49,18,0,0,auto,attacker,0.269,0.757,attacker
B0326,Latian Republic,Vharn Confederacy,plains,rain,6,2,6,3,3,0,2,0,3,11,2,7,1,1,0,1,4,5,70,60,48,0,0,auto,defender,0.665,0.451,defender
B0327,Mareth Imperium,Selene Dominion,forest,clear,3,5,7,3,0,1,1,0,5,1,3,1,1,1,12,3,5,1,71,48,2,1,22,manual,defender,0.394,0.926,attacker
B0328,Kessari Riders,Latian Republic,hills,clear,0,2,0,2,1,3,11,0,6,5,11,2,0,1,0,0,1,3,60,86,33,0,0,auto,defender,0.769,0.416,defender
B0329,Duskwood Clans,Kessari Riders,hills,clear,0,3,1,3,8,3,8,0,0,1,1,2,7,3,6,1,5,4,67,65,22,0,0,manual,attacker,0.467,0.662,attacker
B0330,Vharn Confederacy,Latian Republic,plains,clear,5,7,1,4,4,1,0,2,5,8,3,1,0,1,5,1,1,3,62,100,16,0,25,auto,attacker,0.849,0.502,defender
B0331,Mareth Imperium,Duskwood Clans,marsh,clear,3,6,1,1,7,0,3,2,3,4,1,2,11,8,0,0,1,1,69,81,37,0,0,manual,defender,0.678,0.321,defender
B0332,Mareth Imperium,Latian Republic,plains,fog,8,3,1,0,0,0,3,7,10,2,3,1,1,4,6,1,3,4,44,68,25,0,18,auto,defender,0.626,0.512,defender
B0333,Selene Dominion,Kessari Riders,forest,rain,5,0,6,3,6,0,1,4,3,6,2,7,1,2,1,0,2,4,48,87,19,0,0,auto,attacker,0.792,0.435,defender
B0334,Mareth Imperium,Duskwood Clans,hills,fog,7,4,2,5,0,2,1,2,0,1,8,1,6,3,1,3,3,5,42,40,12,1,10,auto,attacker,0.448,0.709,attacker
B0335,Kessari Riders,Vharn Confederacy,plains,clear,0,0,0,0,9,10,1,5,0,10,0,1,2,1,2,0,1,1,58,53,32,0,16,auto,attacker,0.696,0.387,defender
B0336,Vharn Confederacy,Selene Dominion,forest,clear,4,4,1,1,8,0,0,3,1,2,0,3,3,1,1,9,4,1,89,87,20,0,0,auto,attacker,0.369,0.832,attacker
B0337,Orenthal League,Selene Dominion,plains,rain,0,5,2,0,2,8,0,12,1,5,0,12,0,2,2,3,3,1,62,63,43,0,0,auto,attacker,0.404,0.778,attacker
B0338,Kessari Riders,Duskwood Clans,plains,fog,1,1,0,2,1,3,9,5,9,5,2,2,6,1,3,0,4,3,100,51,0,1,0,auto,defender,0.85,0.482,defender
B0339,Sable Nomads,Latian Republic,plains,rain,7,4,1,0,1,1,4,5,7,2,2,2,3,1,4,3,2,3,95,73,37,1,0,auto,defender,0.721,0.447,defender
B0340,Orenthal League,Latian Republic,plains,rain,1,4,11,1,1,4,0,1,2,0,5,6,2,1,2,1,3,4,67,69,47,1,0,auto,attacker,0.424,0.788,attacker
B0341,Selene Dominion,Latian Republic,plains,clear,0,5,0,6,12,0,0,1,4,15,4,0,0,0,2,0,3,2,76,84,55,0,0,auto,attacker,0.596,0.544,defender
B0342,Orenthal League,Mareth Imperium,river_crossing,clear,7,9,1,4,0,5,1,1,1,0,1,1,0,1,15,2,2,3,69,68,50,1,21,auto,attacker,0.343,0.629,attacker
B0343,Kessari Riders,Sable Nomads,plains,clear,7,0,0,0,1,7,5,0,2,1,0,5,4,3,1,0,5,2,67,79,67,0,21,auto,attacker,0.41,0.696,attacker
B0344,Latian Republic,Duskwood Clans,river_crossing,rain,8,0,9,0,1,1,1,1,4,1,1,4,9,4,3,0,3,4,42,72,33,0,0,auto,defender,0.787,0.44,defender
B0345,Latian Republic,Kessari Riders,forest,clear,3,3,9,8,2,3,1,0,1,0,0,4,1,10,2,2,2,4,83,60,2,1,0,auto,attacker,0.425,0.812,attacker
B0346,Sable Nomads,Mareth Imperium,plains,clear,0,8,0,6,1,7,3,3,5,2,0,2,0,3,7,4,2,3,85,73,56,0,22,auto,attacker,0.535,0.711,attacker
B0347,Mareth Imperium,Vharn Confederacy,plains,fog,3,3,1,11,1,4,3,0,11,3,0,7,0,2,1,1,3,1,69,92,33,1,0,auto,attacker,0.559,0.775,attacker
B0348,Vharn Confederacy,Latian Republic,plains,clear,6,9,3,0,1,0,3,0,17,3,1,0,1,0,1,4,2,4,92,61,50,0,0,auto,defender,0.856,0.489,defender
B0349,Vharn Confederacy,Kessari Riders,hills,rain,1,12,0,2,0,2,4,0,11,3,0,5,0,2,5,2,5,2,82,77,61,0,25,manual,defender,0.513,0.654,attacker
B0350,Selene Dominion,Vharn Confederacy,plains,clear,2,6,1,4,2,0,0,2,3,2,4,4,2,1,2,1,2,2,54,65,60,0,10,auto,defender,0.692,0.453,defender
B0351,Kessari Riders,Mareth Imperium,hills,rain,0,0,3,1,1,12,11,0,3,1,1,9,1,0,3,5,3,1,73,78,11,0,0,auto,attacker,0.247,0.737,attacker
B0352,Orenthal League,Selene Dominion,forest,rain,3,9,0,3,0,2,1,2,2,0,1,2,3,7,7,10,1,5,88,92,30,1,21,manual,defender,0.405,0.82,attacker
B0353,Mareth Imperium,Kessari Riders,forest,fog,9,2,0,0,2,0,4,4,5,8,5,0,1,3,3,1,3,4,95,70,34,1,0,manual,defender,0.738,0.374,defender
B0354,Latian Republic,Orenthal League,hills,clear,11,0,1,3,0,8,1,0,4,4,4,5,0,1,3,5,3,1,76,72,65,0,0,manual,attacker,0.437,0.849,attacker
B0355,Selene Dominion,Orenthal League,plains,clear,2,1,0,3,2,0,9,6,7,2,11,1,1,2,2,0,4,3,63,80,45,0,19,manual,defender,0.689,0.333,defender
B0356,Sable Nomads,Mareth Imperium,hills,fog,1,0,2,10,3,8,0,2,0,2,0,2,2,3,8,3,5,1,66,52,48,1,12,auto,attacker,0.808,0.422,defender
B0357,Duskwood Clans,Orenthal League,marsh,clear,1,1,3,1,8,1,0,4,8,2,4,7,4,1,2,0,1,3,63,69,50,0,0,manual,defender,0.624,0.212,defender
B0358,Kessari Riders,Duskwood Clans,river_crossing,clear,1,0,6,0,6,2,7,0,0,1,2,1,12,4,0,0,2,4,56,71,0,0,0,auto,attacker,0.482,0.667,attacker
B0359,Duskwood Clans,Selene Dominion,marsh,rain,1,10,3,2,4,1,1,1,3,5,1,4,3,0,2,5,4,1,66,64,0,0,14,auto,attacker,0.436,0.656,attacker
B0360,Mareth Imperium,Kessari Riders,hills,rain,2,4,8,2,0,5,2,2,2,0,1,1,6,4,1,4,1,1,70,100,33,0,0,auto,attacker,0.54,0.824,attacker
B0361,Sable Nomads,Latian Republic,plains,clear,15,1,0,1,2,6,0,1,3,2,5,1,1,4,4,5,4,4,64,40,56,0,0,auto,attacker,0.485,0.794,attacker
B0362,Sable Nomads,Selene Dominion,hills,fog,2,6,1,4,1,3,1,1,0,1,10,4,2,2,0,3,4,5,90,86,15,0,0,auto,defender,0.851,0.418,defender
B0363,Duskwood Clans,Kessari Riders,river_crossing,rain,4,3,2,2,3,9,2,1,0,1,9,3,1,7,0,1,2,3,76,49,48,1,11,manual,attacker,0.412,0.687,attacker
B0364,Selene Dominion,Sable Nomads,plains,clear,2,4,0,5,4,0,6,4,1,0,1,13,6,1,0,1,4,1,93,68,32,0,0,auto,attacker,0.382,0.824,attacker
B0365,Duskwood Clans,Kessari Riders,hills,fog,2,2,8,3,4,2,4,1,5,3,1,1,0,4,6,0,3,5,73,62,28,1,0,auto,attacker,0.75,0.367,defender
B0366,Vharn Confederacy,Kessari Riders,plains,fog,1,8,3,1,0,4,0,1,1,2,0,1,2,13,4,0,2,4,69,65,32,0,0,auto,defender,0.45,0.797,attacker
B0367,Vharn Confederacy,Sable Nomads,plains,fog,2,1,3,5,8,7,0,1,0,0,2,5,4,9,4,4,4,1,66,71,49,0,0,auto,attacker,0.743,0.362,defender
B0368,Kessari Riders,Selene Dominion,hills,clear,0,1,0,0,9,1,9,3,1,3,0,3,3,6,2,7,5,1,98,64,29,1,0,manual,defender,0.46,0.769,attacker
B0369,Kessari Riders,Latian Republic,forest,clear,0,1,1,3,14,0,4,2,3,3,19,0,0,0,1,0,1,1,72,65,53,1,0,manual,defender,0.776,0.427,defender
B0370,Sable Nomads,Vharn Confederacy,forest,clear,0,0,4,0,7,2,4,3,0,5,1,11,0,1,0,1,1,1,62,52,49,0,0,auto,attacker,0.587,0.708,attacker
B0371,Vharn Confederacy,Duskwood Clans,hills,clear,1,8,1,1,1,7,4,0,2,0,0,6,8,1,7,1,5,5,100,98,11,0,0,auto,attacker,0.335,0.664,attacker
B0372,Duskwood Clans,Sable Nomads,hills,clear,2,5,3,1,4,6,0,6,0,0,4,0,12,6,1,1,3,1,55,73,59,0,20,manual,attacker,0.381,0.769,attacker
B0373,Orenthal League,Mareth Imperium,forest,clear,0,4,7,5,1,4,0,2,5,7,0,0,0,2,11,1,5,5,70,79,57,1,7,auto,defender,0.831,0.461,defender
B0374,Mareth Imperium,Vharn Confederacy,marsh,clear,7,6,1,0,1,0,2,10,15,3,2,0,1,1,1,3,5,1,60,56,18,0,0,auto,attacker,0.819,0.433,defender
B0375,Kessari Riders,Vharn Confederacy,hills,clear,4,0,0,3,4,0,7,4,1,8,1,5,0,2,7,0,1,5,72,74,44,0,15,auto,attacker,0.575,0.336,defender
B0376,Kessari Riders,Selene Dominion,plains,clear,1,1,1,0,8,4,2,0,2,5,2,7,1,0,0,1,4,4,76,79,64,1,0,manual,defender,0.418,0.946,attacker
B0377,Duskwood Clans,Selene Dominion,river_crossing,fog,0,4,3,2,4,6,2,1,0,3,0,7,1,4,2,4,5,5,61,81,48,1,17,auto,attacker,0.495,0.899,attacker
B0378,Sable Nomads,Kessari Riders,marsh,clear,1,2,2,4,11,3,1,0,0,0,2,2,1,1,14,2,3,2,58,59,36,0,0,manual,attacker,0.743,0.415,defender
B0379,Orenthal League,Duskwood Clans,plains,clear,2,6,3,3,1,7,0,3,2,0,5,3,2,4,0,4,5,5,90,87,57,0,0,manual,attacker,0.464,0.56,attacker
B0380,Orenthal League,Latian Republic,forest,rain,6,4,0,1,0,7,1,1,1,5,1,1,0,11,2,3,4,3,52,45,44,0,6,auto,defender,0.507,0.748,attacker
B0381,Duskwood Clans,Sable Nomads,marsh,fog,2,0,7,3,4,0,0,5,0,0,4,2,5,16,1,1,5,4,80,63,19,0,24,auto,defender,0.889,0.402,defender
B0382,Duskwood Clans,Sable Nomads,marsh,clear,3,2,1,2,4,4,5,0,1,3,1,9,4,3,2,0,2,4,83,49,28,0,7,auto,attacker,0.482,0.864,attacker
B0383,Mareth Imperium,Orenthal League,plains,rain,11,4,2,2,4,0,1,0,2,2,3,4,3,2,6,6,5,1,71,71,57,0,6,auto,defender,0.772,0.575,defender
B0384,Mareth Imperium,Kessari Riders,river_crossing,fog,5,9,4,2,0,2,3,0,4,3,2,0,2,11,2,0,5,3,73,85,38,0,0,auto,attacker,0.352,0.827,attacker
B0385,Vharn Confederacy,Latian Republic,river_crossing,clear,3,7,3,3,8,0,1,4,8,1,5,0,0,3,6,0,2,2,46,93,41,0,0,manual,attacker,0.83,0.453,defender
B0386,Latian Republic,Mareth Imperium,plains,clear,3,10,4,0,0,1,9,0,14,1,0,3,4,0,5,0,5,2,70,58,43,0,0,auto,attacker,0.398,0.708,attacker
B0387,Duskwood Clans,Selene Dominion,plains,clear,0,0,11,1,4,1,6,0,1,3,0,2,11,0,6,5,1,1,60,94,36,0,0,auto,defender,0.389,0.904,attacker
B0388,Duskwood Clans,Selene Dominion,hills,clear,0,1,2,2,4,12,0,1,2,2,0,5,2,1,1,8,2,4,63,57,41,1,0,auto,attacker,0.435,0.857,attacker
B0389,Orenthal League,Vharn Confederacy,plains,clear,0,2,1,1,3,10,3,1,1,6,1,8,3,1,1,0,1,4,59,94,4,0,5,auto,attacker,0.431,0.743,attacker
B0390,Vharn Confederacy,Kessari Riders,plains,rain,2,4,1,8,0,1,0,4,16,1,0,1,1,1,4,0,5,2,69,40,56,0,0,auto,defender,0.833,0.376,defender
B0391,Vharn Confederacy,Kessari Riders,plains,rain,14,4,3,1,0,2,0,0,1,9,0,3,1,1,5,2,2,1,60,72,74,1,10,auto,attacker,0.847,0.402,defender
B0392,Orenthal League,Mareth Imperium,plains,clear,3,1,7,4,2,5,1,0,6,10,0,3,0,0,6,0,1,5,40,89,60,0,5,auto,attacker,0.737,0.368,defender
B0393,Kessari Riders,Mareth Imperium,forest,clear,1,1,4,0,1,4,12,1,2,6,0,0,1,0,15,5,3,4,48,51,27,0,10,auto,defender,0.903,0.318,defender
B0394,Orenthal League,Vharn Confederacy,hills,fog,4,6,3,2,1,4,0,1,13,2,1,4,1,2,0,2,5,3,56,64,47,0,0,auto,defender,0.666,0.505,defender
B0395,Duskwood Clans,Orenthal League,forest,fog,2,2,0,5,5,1,2,9,5,4,1,0,0,10,4,1,4,2,40,60,26,0,0,auto,attacker,0.8,0.438,defender
B0396,Selene Dominion,Mareth Imperium,river_crossing,rain,1,0,0,13,2,2,3,3,0,5,3,4,0,3,6,0,2,5,90,80,29,1,9,auto,attacker,0.795,0.246,defender
B0397,Kessari Riders,Mareth Imperium,marsh,clear,1,0,3,1,4,5,1,8,12,6,2,4,0,0,3,1,4,1,89,67,32,0,0,auto,defender,0.685,0.404,defender
B0398,Orenthal League,Selene Dominion,plains,clear,7,3,3,5,0,2,1,1,0,1,4,10,1,2,0,4,4,5,40,60,31,1,0,auto,attacker,0.867,0.439,defender
B0399,Orenthal League,Latian Republic,plains,fog,1,4,5,0,1,0,8,0,15,2,3,4,0,0,0,1,5,2,66,76,45,0,6,auto,defender,0.743,0.431,defender
B0400,Vharn Confederacy,Mareth Imperium,hills,clear,6,8,0,8,1,2,1,0,1,0,6,1,0,0,5,6,1,5,88,55,31,1,22,manual,attacker,0.301,0.691,attacker
B0401,Sable Nomads,Mareth Imperium,plains,fog,1,1,1,1,4,11,1,1,6,1,0,0,8,2,6,1,3,4,88,60,59,0,25,auto,defender,0.388,0.801,attacker
B0402,Sable Nomads,Mareth Imperium,hills,clear,2,3,3,3,1,6,1,5,2,7,0,0,5,3,1,5,2,2,67,83,33,0,6,auto,attacker,0.407,0.843,attacker
B0403,Kessari Riders,Mareth Imperium,marsh,clear,2,0,1,3,3,15,3,0,1,2,8,2,2,6,0,0,2,1,56,56,40,0,0,auto,attacker,0.553,0.817,attacker
B0404,Sable Nomads,Mareth Imperium,plains,clear,0,2,0,3,5,3,4,1,11,2,0,0,2,1,6,0,4,1,54,90,51,0,0,auto,defender,0.857,0.516,defender
B0405,Duskwood Clans,Sable Nomads,forest,clear,0,2,3,1,5,2,0,6,0,1,4,2,3,7,3,0,5,2,69,75,12,0,0,auto,attacker,0.697,0.377,defender
B0406,Mareth Imperium,Vharn Confederacy,river_crossing,clear,5,3,2,2,1,1,6,0,4,2,1,1,9,2,0,3,5,5,82,83,49,1,24,auto,defender,0.493,0.684,attacker
B0407,Selene Dominion,Sable Nomads,hills,clear,1,1,0,6,6,0,3,10,0,4,2,3,4,3,4,0,1,2,45,84,55,0,0,auto,attacker,0.746,0.355,defender
B0408,Selene Dominion,Sable Nomads,plains,clear,10,2,3,2,2,0,0,2,0,3,4,5,1,12,0,0,2,1,64,81,29,0,14,auto,defender,0.859,0.455,defender
B0409,Mareth Imperium,Sable Nomads,forest,clear,1,3,0,1,12,0,7,2,0,1,0,3,4,15,1,1,4,4,68,94,30,0,0,auto,attacker,0.756,0.458,defender
B0410,Mareth Imperium,Kessari Riders,plains,fog,5,3,0,6,3,2,3,0,3,1,0,12,2,1,3,0,2,3,55,78,6,0,0,manual,attacker,0.463,0.689,attacker
B0411,Selene Dominion,Mareth Imperium,forest,clear,1,1,8,2,1,2,3,8,7,4,2,1,3,2,3,1,3,1,58,92,54,0,0,auto,attacker,0.931,0.415,defender
B0412,Duskwood Clans,Kessari Riders,marsh,clear,0,1,0,2,16,3,4,1,3,1,3,5,0,1,13,1,3,3,63,45,43,0,0,manual,attacker,0.636,0.488,defender
B0413,Latian Republic,Selene Dominion,river_crossing,clear,5,3,2,5,10,1,0,1,0,15,0,3,1,1,1,3,3,1,78,75,32,0,0,manual,attacker,0.444,0.649,attacker
B0414,Selene Dominion,Vharn Confederacy,plains,fog,0,8,0,2,2,1,6,6,0,8,3,1,1,1,0,11,1,2,96,70,22,1,19,auto,attacker,0.443,0.789,attacker
B0415,Kessari Riders,Latian Republic,marsh,fog,4,3,1,1,3,4,1,4,7,1,13,3,1,1,1,0,3,3,69,91,0,1,0,manual,defender,0.736,0.402,defender
B0416,Vharn Confederacy,Kessari Riders,hills,rain,2,10,3,2,0,4,2,2,7,3,5,0,5,1,5,0,3,1,57,57,25,0,0,manual,attacker,0.472,0.732,attacker
B0417,Selene Dominion,Duskwood Clans,plains,rain,0,3,0,8,5,4,1,3,0,3,2,1,8,4,10,0,2,3,53,66,17,1,0,auto,defender,0.793,0.319,defender
B0418,Sable Nomads,Orenthal League,river_crossing,clear,0,1,1,6,2,3,6,0,5,1,1,2,4,3,0,5,1,4,93,92,25,0,0,auto,defender,0.598,0.436,defender
B0419,Kessari Riders,Mareth Imperium,river_crossing,clear,1,0,2,0,6,2,3,9,2,1,1,3,11,0,10,4,4,1,58,48,50,0,0,auto,defender,0.623,0.378,defender
B0420,Latian Republic,Mareth Imperium,hills,clear,4,0,1,0,1,9,2,7,2,8,0,0,1,5,9,0,2,1,57,85,8,0,11,manual,attacker,0.818,0.351,defender
B0421,Selene Dominion,Duskwood Clans,forest,rain,0,4,3,4,4,5,0,3,1,0,3,2,4,1,3,5,2,5,83,96,30,0,11,auto,attacker,0.369,0.651,attacker
B0422,Orenthal League,Latian Republic,hills,clear,5,3,0,6,2,2,5,0,9,9,0,3,1,1,1,0,5,3,67,72,50,0,0,auto,attacker,0.578,0.848,attacker
B0423,Duskwood Clans,Vharn Confederacy,forest,clear,6,5,0,1,11,1,2,0,2,1,0,9,4,4,2,1,2,5,49,67,8,0,0,auto,attacker,0.508,0.786,attacker
B0424,Duskwood Clans,Orenthal League,forest,rain,0,0,5,9,5,3,0,0,5,2,0,1,0,12,2,0,5,4,43,65,58,1,0,manual,attacker,0.604,0.255,defender
B0425,Selene Dominion,Vharn Confederacy,forest,rain,5,3,0,5,0,2,2,5,1,15,4,1,0,1,2,0,3,3,44,72,57,1,0,manual,defender,0.652,0.404,defender
B0426,Duskwood Clans,Kessari Riders,forest,clear,5,4,3,1,10,0,0,0,3,1,1,7,0,2,4,7,5,4,79,53,38,0,9,manual,attacker,0.386,0.715,attacker
B0427,Vharn Confederacy,Mareth Imperium,plains,clear,2,5,0,7,0,0,5,2,3,5,1,0,1,0,7,3,4,2,62,41,4,0,12,manual,attacker,0.489,0.818,attacker
B0428,Mareth Imperium,Sable Nomads,marsh,clear,4,1,1,1,5,0,2,7,2,1,1,2,7,2,4,1,1,1,74,67,20,0,0,auto,attacker,0.936,0.497,defender
B0429,Sable Nomads,Selene Dominion,plains,fog,0,10,0,2,2,3,0,3,1,0,2,5,5,0,0,7,4,4,79,84,13,1,9,auto,attacker,0.367,0.653,attacker
B0430,Selene Dominion,Orenthal League,forest,rain,0,0,1,5,3,4,2,10,2,12,0,0,0,11,1,2,2,5,82,88,41,0,14,manual,defender,0.524,0.325,defender
B0431,Latian Republic,Mareth Imperium,marsh,clear,9,2,0,3,2,3,2,1,3,2,1,0,3,2,5,3,5,1,86,60,35,1,0,manual,attacker,0.353,0.647,attacker
B0432,Selene Dominion,Orenthal League,marsh,rain,1,5,0,1,1,0,0,14,3,1,6,0,5,5,2,1,3,4,77,76,74,0,25,auto,attacker,0.772,0.389,defender
B0433,Kessari Riders,Vharn Confederacy,forest,rain,1,3,2,2,14,2,1,0,1,11,0,2,8,1,2,0,3,4,67,71,17,1,8,auto,attacker,0.388,0.66,attacker
B0434,Kessari Riders,Vharn Confederacy,forest,clear,0,1,5,0,4,19,1,1,0,5,0,5,6,1,5,2,3,5,62,50,10,0,0,manual,attacker,0.351,0.799,attacker
B0435,Mareth Imperium,Latian Republic,forest,rain,4,1,0,3,9,1,7,0,9,5,6,0,1,0,0,2,3,1,82,60,26,0,0,auto,attacker,0.777,0.446,defender
B0436,Sable Nomads,Duskwood Clans,river_crossing,rain,0,1,11,1,4,5,5,0,1,0,4,1,2,0,11,3,1,4,54,64,47,1,0,manual,attacker,0.906,0.34,defender
B0437,Mareth Imperium,Latian Republic,forest,clear,1,1,0,4,1,3,12,0,4,1,3,1,1,3,0,8,2,3,90,67,10,0,8,auto,attacker,0.349,0.872,attacker
B0438,Vharn Confederacy,Latian Republic,marsh,clear,7,11,1,0,0,2,0,0,6,1,6,1,4,0,1,3,4,5,40,48,0,0,0,auto,attacker,0.832,0.404,defender
B0439,Kessari Riders,Latian Republic,marsh,clear,0,1,1,2,9,4,0,6,7,5,2,1,3,3,1,2,5,2,75,91,31,0,0,auto,attacker,0.862,0.393,defender
B0440,Selene Dominion,Sable Nomads,hills,fog,4,2,4,1,4,0,0,5,2,1,7,8,1,3,3,4,4,5,62,80,38,0,0,auto,defender,0.703,0.274,defender
B0441,Vharn Confederacy,Selene Dominion,river_crossing,clear,2,8,0,3,0,2,3,5,4,4,4,5,0,0,2,4,3,3,52,76,27,0,0,auto,attacker,0.797,0.385,defender
B0442,Kessari Riders,Mareth Imperium,forest,rain,1,0,1,0,7,7,7,0,2,9,4,0,0,2,2,4,5,3,79,81,22,0,0,auto,attacker,0.774,0.439,defender
B0443,Latian Republic,Kessari Riders,forest,clear,10,0,1,1,3,5,0,3,0,0,2,1,10,7,1,2,5,4,73,100,48,0,24,auto,attacker,0.492,0.718,attacker
B0444,Mareth Imperium,Orenthal League,hills,rain,11,9,0,4,1,1,6,0,0,6,2,4,10,3,0,4,1,1,69,55,52,1,0,manual,attacker,0.467,0.753,attacker
B0445,Sable Nomads,Selene Dominion,forest,fog,3,0,4,6,4,2,0,0,0,5,1,7,3,2,1,7,1,1,80,46,49,1,0,manual,defender,0.569,0.777,attacker
B0446,Mareth Imperium,Duskwood Clans,forest,rain,3,2,1,0,0,4,7,2,4,3,3,3,3,0,7,7,1,2,68,67,40,1,0,auto,defender,0.803,0.327,defender
B0447,Latian Republic,Mareth Imperium,marsh,clear,1,3,8,0,2,3,5,4,12,1,0,0,0,0,4,0,2,3,63,76,43,0,22,auto,attacker,0.797,0.313,defender
B0448,Orenthal League,Sable Nomads,river_crossing,clear,6,12,0,1,0,3,0,1,0,0,2,9,1,11,0,1,3,1,55,76,30,0,0,auto,attacker,0.88,0.495,defender
B0449,Vharn Confederacy,Duskwood Clans,marsh,clear,1,13,0,0,2,2,2,0,1,1,0,5,5,14,2,1,4,1,75,100,8,1,0,manual,defender,0.536,0.733,attacker
B0450,Latian Republic,Duskwood Clans,plains,clear,6,1,4,3,3,4,1,0,4,1,4,7,4,3,2,2,4,3,61,87,50,0,0,auto,defender,0.781,0.425,defender
B0451,Kessari Riders,Duskwood Clans,plains,clear,0,4,0,2,8,5,4,2,0,4,10,2,2,5,1,1,3,4,57,77,0,1,0,auto,attacker,0.814,0.432,defender
B0452,Mareth Imperium,Vharn Confederacy,hills,clear,6,6,0,0,0,1,7,1,9,3,0,4,1,2,3,1,5,2,45,80,10,0,0,auto,attacker,0.781,0.412,defender
B0453,Kessari Riders,Selene Dominion,plains,clear,0,4,0,4,0,3,11,0,5,1,0,3,4,3,4,0,2,1,64,68,48,1,0,auto,attacker,0.386,0.736,attacker
B0454,Sable Nomads,Orenthal League,marsh,fog,0,2,1,1,7,9,2,0,1,0,4,2,1,4,7,0,5,2,53,69,10,1,6,manual,attacker,0.358,0.91,attacker
B0455,Sable Nomads,Duskwood Clans,hills,rain,1,0,2,2,1,13,0,2,2,0,2,3,13,1,0,2,3,4,41,67,31,0,0,auto,attacker,0.474,0.797,attacker
B0456,Latian Republic,Vharn Confederacy,marsh,clear,0,6,19,0,0,0,0,1,2,7,1,4,0,4,2,9,5,2,65,56,97,0,0,auto,defender,0.449,0.731,attacker
B0457,Latian Republic,Orenthal League,plains,clear,7,0,20,0,0,0,1,0,2,2,3,8,2,6,0,0,2,1,71,95,49,1,0,manual,attacker,0.814,0.408,defender
B0458,Kessari Riders,Vharn Confederacy,river_crossing,rain,1,3,2,0,4,4,7,0,2,5,3,1,1,3,3,4,2,1,42,55,56,0,0,auto,attacker,0.773,0.386,defender
B0459,Selene Dominion,Vharn Confederacy,plains,clear,2,1,4,9,5,0,0,4,2,9,0,1,9,2,3,2,5,1,48,54,2,0,7,auto,defender,0.828,0.57,defender
B0460,Orenthal League,Kessari Riders,hills,fog,4,0,8,1,0,3,2,0,0,0,0,1,2,20,5,1,3,4,86,47,30,0,0,auto,defender,0.729,0.382,defender
B0461,Mareth Imperium,Orenthal League,plains,fog,8,2,0,1,7,0,1,0,1,2,2,1,3,14,1,2,4,5,64,66,12,1,0,manual,defender,0.708,0.405,defender
B0462,Latian Republic,Selene Dominion,forest,rain,5,1,7,2,0,3,0,5,1,2,4,7,3,0,7,2,3,2,77,79,30,1,18,auto,defender,0.777,0.362,defender
B0463,Selene Dominion,Vharn Confederacy,marsh,rain,0,2,3,4,0,2,2,12,3,5,3,0,3,6,0,1,3,2,49,94,45,1,6,auto,attacker,0.815,0.439,defender
B0464,Orenthal League,Duskwood Clans,plains,clear,6,7,0,1,0,0,7,3,2,0,0,1,18,2,1,1,4,4,63,65,27,0,0,auto,attacker,0.457,0.714,attacker
B0465,Duskwood Clans,Selene Dominion,hills,fog,0,3,5,1,7,0,5,1,1,0,1,3,2,12,2,6,1,5,84,67,8,0,11,auto,defender,0.755,0.506,defender
B0466,Mareth Imperium,Sable Nomads,marsh,rain,7,1,1,0,4,0,4,1,0,3,3,3,2,2,9,2,3,5,54,62,7,0,0,manual,defender,0.707,0.407,defender
B0467,Selene Dominion,Latian Republic,river_crossing,rain,5,4,6,4,1,1,0,1,5,1,11,0,3,0,2,1,3,4,100,72,35,0,15,manual,attacker,0.727,0.546,defender
B0468,Duskwood Clans,Sable Nomads,plains,rain,1,9,0,4,4,2,3,0,1,0,0,4,11,7,0,0,1,2,68,61,72,1,0,auto,attacker,0.469,0.765,attacker
B0469,Orenthal League,Duskwood Clans,forest,rain,2,1,4,3,3,10,0,0,0,0,11,2,7,0,3,0,1,4,60,58,17,0,0,auto,attacker,0.693,0.455,defender
B0470,Sable Nomads,Kessari Riders,forest,clear,0,2,3,3,7,7,0,4,7,1,1,0,4,6,3,0,2,5,80,71,12,0,14,auto,attacker,0.931,0.546,defender
B0471,Selene Dominion,Mareth Imperium,plains,fog,2,2,1,2,2,3,0,5,1,2,0,4,9,4,1,1,2,1,67,70,21,0,0,auto,defender,0.677,0.437,defender
B0472,Vharn Confederacy,Duskwood Clans,forest,clear,3,10,4,0,1,1,1,2,0,1,2,2,8,7,0,0,2,1,47,91,54,1,0,auto,attacker,0.473,0.725,attacker
B0473,Duskwood Clans,Orenthal League,marsh,clear,0,0,1,4,12,0,0,0,3,6,5,2,0,0,6,0,1,3,76,64,59,0,25,auto,defender,0.781,0.452,defender
B0474,Sable Nomads,Kessari Riders,forest,clear,10,1,0,1,4,5,5,0,2,16,0,3,4,1,2,0,1,2,45,88,5,0,8,auto,attacker,0.774,0.419,defender
B0475,Vharn Confederacy,Orenthal League,river_crossing,clear,2,13,0,4,0,2,3,1,11,3,0,1,3,2,0,7,2,4,88,72,40,0,9,auto,attacker,0.783,0.59,defender
B0476,Kessari Riders,Selene Dominion,hills,clear,3,2,0,2,3,7,5,6,5,6,2,6,2,1,0,1,4,5,58,68,8,1,0,auto,attacker,0.526,0.838,attacker
B0477,Vharn Confederacy,Kessari Riders,forest,rain,2,5,0,5,2,0,3,7,5,1,9,0,1,6,4,2,5,5,68,68,22,0,0,auto,defender,0.71,0.469,defender
B0478,Duskwood Clans,Kessari Riders,plains,clear,1,2,5,1,8,4,1,1,0,1,0,4,2,4,4,3,3,2,74,74,24,1,0,auto,attacker,0.411,0.686,attacker
B0479,Kessari Riders,Duskwood Clans,marsh,clear,5,4,0,2,6,2,5,4,5,1,5,1,1,8,0,0,1,5,57,49,83,0,21,auto,attacker,0.841,0.465,defender
B0480,Orenthal League,Mareth Imperium,marsh,clear,3,1,4,9,1,0,1,3,13,4,0,0,2,4,0,0,4,1,50,71,27,0,0,auto,attacker,0.779,0.508,defender
B0481,Orenthal League,Mareth Imperium,hills,clear,5,2,3,1,5,3,3,0,7,4,3,0,4,0,5,2,5,2,89,82,60,1,7,auto,defender,0.829,0.463,defender
B0482,Selene Dominion,Vharn Confederacy,forest,rain,0,5,1,1,9,0,0,2,0,11,2,2,6,2,1,2,1,1,64,62,88,0,6,auto,defender,0.739,0.457,defender
B0483,Duskwood Clans,Latian Republic,forest,rain,0,0,4,9,9,1,2,0,1,1,7,9,1,2,2,0,3,5,66,79,52,1,0,auto,attacker,0.846,0.519,defender
B0484,Selene Dominion,Latian Republic,marsh,fog,0,3,1,9,1,0,3,3,2,0,16,0,0,3,4,0,3,3,63,71,12,1,0,auto,defender,0.619,0.299,defender
B0485,Orenthal League,Duskwood Clans,river_crossing,clear,7,3,1,5,7,4,1,0,0,3,1,3,10,3,3,1,5,1,77,86,63,0,0,manual,attacker,0.347,0.939,attacker
B0486,Latian Republic,Duskwood Clans,hills,clear,3,1,9,0,0,7,1,6,5,6,5,1,1,4,3,0,2,1,79,62,38,0,20,auto,attacker,0.839,0.458,defender
B0487,Vharn Confederacy,Mareth Imperium,plains,clear,2,8,7,2,3,1,0,1,6,5,1,0,2,0,5,2,5,4,58,52,32,0,0,manual,attacker,0.405,0.712,attacker
B0488,Orenthal League,Sable Nomads,hills,clear,8,0,6,4,0,1,3,1,2,1,2,4,3,5,3,0,2,3,65,56,53,0,22,auto,attacker,0.488,0.689,attacker
B0489,Sable Nomads,Duskwood Clans,forest,rain,7,7,0,1,8,1,1,0,0,0,4,13,2,4,6,0,5,5,78,78,1,0,18,auto,defender,0.356,0.829,attacker
B0490,Mareth Imperium,Orenthal League,hills,clear,3,2,0,1,1,6,5,1,5,0,4,6,2,1,3,2,1,5,78,80,26,0,0,auto,defender,0.376,0.719,attacker
B0491,Orenthal League,Sable Nomads,marsh,clear,2,7,4,3,1,5,0,0,1,3,2,5,8,1,0,0,4,3,55,72,30,0,8,auto,attacker,0.345,0.839,attacker
B0492,Selene Dominion,Vharn Confederacy,river_crossing,clear,5,3,2,1,2,0,5,10,3,2,7,6,0,7,2,1,3,1,77,40,22,0,0,auto,attacker,0.787,0.419,defender
B0493,Kessari Riders,Selene Dominion,river_crossing,fog,1,3,1,2,16,0,2,2,0,1,0,5,7,0,0,10,1,2,87,51,20,0,5,manual,attacker,0.379,0.751,attacker
B0494,Vharn Confederacy,Latian Republic,hills,fog,3,7,9,3,0,1,1,0,10,1,1,3,4,2,0,0,2,3,66,48,28,1,0,auto,attacker,0.667,0.515,defender
B0495,Duskwood Clans,Latian Republic,plains,clear,0,0,1,11,14,2,2,1,0,2,13,2,4,1,2,0,3,4,62,63,42,1,0,manual,attacker,0.836,0.477,defender
B0496,Mareth Imperium,Orenthal League,hills,clear,6,2,1,1,1,0,14,0,9,4,5,8,0,1,4,0,4,1,43,75,33,0,6,auto,defender,0.825,0.424,defender
B0497,Mareth Imperium,Kessari Riders,hills,clear,8,1,0,1,3,0,5,2,0,1,1,1,6,13,1,0,3,5,70,42,41,0,0,auto,defender,0.837,0.378,defender
B0498,Mareth Imperium,Latian Republic,river_crossing,clear,3,0,1,6,1,1,2,3,6,0,10,0,1,4,1,2,4,2,67,96,31,0,11,auto,defender,0.757,0.311,defender
B0499,Selene Dominion,Mareth Imperium,river_crossing,clear,0,3,1,4,1,8,1,2,3,7,0,2,5,0,5,2,2,2,69,74,29,0,12,auto,defender,0.666,0.478,defender
B0500,Selene Dominion,Vharn Confederacy,marsh,clear,2,6,0,5,2,1,0,9,4,14,0,3,0,2,0,0,2,5,62,62,0,0,0,manual,attacker,0.84,0.427,defender
B0501,Orenthal League,Latian Republic,plains,rain,5,4,8,1,1,4,0,0,11,2,6,1,1,2,1,0,5,3,40,56,8,0,0,auto,attacker,0.497,0.652,attacker
B0502,Sable Nomads,Latian Republic,hills,clear,0,8,1,0,1,15,0,0,8,2,1,0,2,1,2,9,3,5,67,69,32,0,0,manual,attacker,0.421,0.765,attacker
B0503,Vharn Confederacy,Mareth Imperium,forest,clear,2,11,0,1,0,2,1,6,0,0,0,1,4,4,10,5,3,2,66,70,41,0,0,manual,attacker,0.403,0.7,attacker
B0504,Sable Nomads,Kessari Riders,plains,clear,2,3,0,2,1,10,1,3,0,0,0,2,5,2,1,15,2,5,44,58,6,0,0,auto,defender,0.313,0.805,attacker
B0505,Kessari Riders,Duskwood Clans,river_crossing,rain,12,2,2,0,4,3,1,0,2,1,2,1,7,6,1,1,2,5,69,87,28,0,21,auto,attacker,0.397,0.873,attacker
B0506,Duskwood Clans,Kessari Riders,river_crossing,rain,2,0,18,3,1,1,0,0,0,2,0,1,11,3,14,0,4,4,85,43,19,0,25,auto,defender,0.745,0.507,defender
B0507,Selene Dominion,Mareth Imperium,plains,clear,1,2,5,4,1,0,1,4,10,3,0,7,0,0,2,2,4,3,50,82,60,1,0,auto,defender,0.716,0.223,defender
B0508,Sable Nomads,Duskwood Clans,river_crossing,clear,0,1,0,6,2,6,9,1,2,10,1,2,10,1,0,0,2,4,72,70,0,0,0,auto,attacker,0.656,0.48,defender
B0509,Selene Dominion,Vharn Confederacy,hills,fog,5,2,3,6,3,1,0,3,11,2,0,2,1,0,3,1,5,3,81,97,30,0,0,auto,attacker,0.448,0.8,attacker
B0510,Vharn Confederacy,Sable Nomads,plains,clear,7,5,1,1,1,3,1,2,2,0,0,4,2,6,1,8,2,3,89,65,39,0,5,manual,attacker,0.332,0.849,attacker
B0511,Duskwood Clans,Mareth Imperium,forest,clear,1,4,1,1,9,4,1,2,4,1,14,3,1,0,2,0,1,2,67,77,26,1,10,auto,defender,0.794,0.482,defender
B0512,Orenthal League,Kessari Riders,plains,rain,4,4,1,4,1,2,5,0,0,2,1,0,14,0,5,1,3,5,82,71,46,0,0,manual,attacker,0.485,0.827,attacker
B0513,Vharn Confederacy,Duskwood Clans,plains,clear,1,6,1,1,0,5,0,14,1,3,2,2,3,3,7,1,3,2,60,70,56,0,0,auto,attacker,0.727,0.48,defender
B0514,Mareth Imperium,Selene Dominion,plains,rain,2,9,1,6,2,0,9,0,3,9,1,4,1,2,0,9,1,3,40,59,26,1,0,manual,attacker,0.464,0.797,attacker
B0515,Latian Republic,Selene Dominion,marsh,clear,2,8,1,4,0,4,0,1,1,4,0,9,6,1,0,5,1,1,66,90,4,1,0,auto,defender,0.757,0.45,defender
B0516,Selene Dominion,Latian Republic,forest,clear,3,2,8,7,2,2,1,0,6,2,2,4,0,2,0,0,4,4,86,87,24,0,6,auto,attacker,0.454,0.678,attacker
B0517,Duskwood Clans,Orenthal League,forest,clear,11,4,3,3,1,2,0,5,1,14,1,2,0,4,2,0,1,1,74,53,44,0,11,auto,attacker,0.313,0.746,attacker
B0518,Kessari Riders,Sable Nomads,plains,clear,2,6,0,6,6,3,1,2,0,1,1,2,4,5,6,2,3,4,57,80,38,1,22,manual,attacker,0.689,0.456,defender
B0519,Selene Dominion,Orenthal League,plains,rain,0,2,0,2,8,0,4,10,5,1,7,5,0,6,0,2,1,2,46,79,23,0,0,auto,attacker,0.736,0.462,defender
B0520,Orenthal League,Vharn Confederacy,hills,rain,3,3,6,5,2,0,0,0,3,2,2,6,8,0,2,0,3,1,48,65,14,1,20,auto,defender,0.859,0.332,defender
B0521,Selene Dominion,Sable Nomads,hills,fog,1,3,0,9,5,1,0,3,0,0,0,8,2,10,2,1,2,5,80,56,16,0,0,manual,attacker,0.664,0.297,defender
B0522,Kessari Riders,Mareth Imperium,forest,rain,1,0,3,0,3,6,7,0,4,1,0,3,1,1,9,3,5,5,80,92,57,0,0,auto,attacker,0.487,0.848,attacker
B0523,Sable Nomads,Mareth Imperium,plains,fog,2,0,0,7,4,7,0,8,1,2,0,4,14,0,2,0,1,4,80,50,64,1,0,auto,attacker,0.414,0.73,attacker
B0524,Vharn Confederacy,Mareth Imperium,plains,clear,0,4,0,5,12,0,2,4,6,2,1,0,0,2,12,1,5,2,68,93,61,0,0,auto,attacker,0.742,0.309,defender
B0525,Latian Republic,Mareth Imperium,marsh,fog,3,2,3,1,0,11,5,0,2,5,1,0,0,11,1,8,5,2,74,66,60,0,0,manual,defender,0.757,0.472,defender
B0526,Latian Republic,Selene Dominion,plains,rain,2,2,12,0,7,0,1,2,9,0,0,3,5,0,2,5,2,1,91,70,34,0,0,auto,attacker,0.875,0.389,defender
B0527,Orenthal League,Selene Dominion,hills,clear,1,4,1,3,2,9,0,4,8,1,0,3,4,0,2,10,2,1,58,94,53,0,0,auto,defender,0.372,0.734,attacker
B0528,Vharn Confederacy,Duskwood Clans,marsh,clear,2,12,0,7,2,3,0,0,0,1,5,3,5,2,0,4,1,1,62,67,27,0,20,auto,attacker,0.41,0.939,attacker
B0529,Kessari Riders,Duskwood Clans,plains,fog,4,1,1,0,8,4,2,5,1,0,8,0,10,2,4,1,4,4,70,66,35,1,0,manual,defender,0.829,0.413,defender
B0530,Vharn Confederacy,Kessari Riders,forest,clear,4,3,6,3,4,0,0,3,1,0,3,0,4,8,4,3,2,2,62,69,52,0,0,manual,attacker,0.53,0.786,attacker
B0531,Kessari Riders,Sable Nomads,plains,clear,3,1,0,0,13,6,3,0,0,1,2,3,2,13,0,0,2,1,48,82,0,0,0,auto,attacker,0.788,0.417,defender
B0532,Kessari Riders,Duskwood Clans,forest,rain,2,0,6,1,9,6,4,1,1,2,1,7,2,4,0,2,2,5,61,67,43,0,0,auto,attacker,0.341,0.793,attacker
B0533,Mareth Imperium,Selene Dominion,marsh,fog,5,4,1,2,3,2,10,0,3,1,3,5,1,1,1,9,3,4,72,65,56,0,0,auto,attacker,0.448,0.745,attacker
B0534,Sable Nomads,Vharn Confederacy,forest,clear,0,0,1,1,4,15,2,2,1,5,4,0,0,6,0,6,1,4,65,72,30,1,0,manual,attacker,0.686,0.377,defender
B0535,Duskwood Clans,Kessari Riders,marsh,clear,4,0,2,2,7,3,1,4,0,1,0,3,1,10,3,3,4,2,61,77,75,0,0,auto,attacker,0.669,0.392,defender
B0536,Duskwood Clans,Latian Republic,forest,clear,0,0,1,1,10,3,0,8,0,3,18,1,0,2,1,1,1,5,59,59,23,0,15,auto,defender,0.673,0.499,defender
B0537,Orenthal League,Kessari Riders,forest,clear,3,6,1,2,0,6,3,0,0,1,2,1,2,5,14,4,3,4,65,64,68,0,25,auto,defender,0.396,0.862,attacker
B0538,Selene Dominion,Duskwood Clans,hills,clear,1,5,1,6,1,3,2,3,7,4,1,1,6,2,1,1,2,5,74,79,69,1,14,auto,defender,0.431,0.789,attacker
B0539,Duskwood Clans,Sable Nomads,plains,rain,1,2,6,2,6,1,7,1,1,10,0,3,4,4,4,0,5,3,71,53,8,0,0,manual,attacker,0.478,0.752,attacker
B0540,Orenthal League,Sable Nomads,river_crossing,rain,0,8,7,0,3,4,1,2,0,7,0,7,2,7,0,0,3,1,63,69,37,0,0,auto,attacker,0.404,0.811,attacker
B0541,Orenthal League,Kessari Riders,river_crossing,clear,8,0,3,3,2,0,2,1,1,0,1,2,4,12,0,3,3,1,75,69,0,0,22,manual,defender,0.568,0.511,defender
B0542,Vharn Confederacy,Selene Dominion,river_crossing,fog,1,5,0,2,2,2,0,10,3,4,0,5,0,1,0,10,2,2,68,81,12,0,0,auto,attacker,0.722,0.44,defender
B0543,Duskwood Clans,Vharn Confederacy,hills,clear,0,6,3,9,3,3,0,0,3,5,1,6,3,2,7,1,4,4,47,77,21,0,16,manual,defender,0.742,0.401,defender
B0544,Latian Republic,Mareth Imperium,river_crossing,clear,8,1,6,0,0,4,0,1,8,5,1,1,8,1,5,0,4,4,67,94,6,0,24,auto,defender,0.636,0.416,defender
B0545,Duskwood Clans,Kessari Riders,river_crossing,rain,0,3,1,1,7,3,5,2,5,1,0,3,10,1,3,0,1,5,69,77,60,0,0,auto,attacker,0.858,0.362,defender
B0546,Vharn Confederacy,Mareth Imperium,plains,clear,5,5,0,0,1,5,0,11,1,2,0,9,1,3,10,1,3,5,78,65,48,0,0,auto,attacker,0.714,0.339,defender
B0547,Latian Republic,Selene Dominion,plains,rain,15,0,6,0,1,2,0,1,3,1,0,2,3,0,6,6,2,2,76,63,57,0,0,auto,attacker,0.433,0.74,attacker
B0548,Mareth Imperium,Latian Republic,river_crossing,rain,3,7,0,6,0,0,5,0,9,6,1,1,4,0,0,0,4,5,50,68,30,0,0,manual,attacker,0.597,0.329,defender
B0549,Latian Republic,Kessari Riders,river_crossing,clear,7,10,4,1,2,0,0,2,0,0,1,6,2,6,3,6,5,5,69,82,49,0,11,manual,attacker,0.474,0.75,attacker
B0550,Mareth Imperium,Kessari Riders,plains,rain,15,1,0,0,1,0,3,3,1,2,6,2,2,6,2,3,2,3,70,68,60,0,8,auto,attacker,0.317,0.726,attacker
B0551,Orenthal League,Sable Nomads,plains,clear,3,11,1,2,2,0,2,2,0,0,0,2,2,11,0,5,1,1,71,72,61,0,18,auto,attacker,0.306,0.812,attacker
B0552,Vharn Confederacy,Latian Republic,forest,clear,2,7,3,1,7,3,0,0,6,0,2,6,2,2,3,4,4,1,79,61,100,1,0,auto,defender,0.372,0.715,attacker
B0553,Mareth Imperium,Latian Republic,hills,clear,7,4,3,3,0,0,4,1,1,4,5,9,0,4,3,2,1,2,94,87,56,0,0,auto,defender,0.829,0.364,defender
B0554,Duskwood Clans,Selene Dominion,plains,clear,0,1,10,0,12,1,0,0,0,2,1,2,2,5,1,5,5,2,69,78,23,0,0,manual,attacker,0.521,0.828,attacker
B0555,Mareth Imperium,Kessari Riders,river_crossing,clear,4,7,8,0,1,1,6,0,5,2,1,1,5,1,6,3,1,5,72,77,30,1,22,auto,attacker,0.715,0.405,defender
B0556,Orenthal League,Vharn Confederacy,hills,rain,7,5,2,5,2,3,1,0,6,0,4,1,10,3,2,0,5,1,57,66,21,1,0,auto,defender,0.494,0.75,attacker
B0557,Kessari Riders,Orenthal League,plains,clear,2,0,3,2,3,6,4,0,8,2,6,4,1,1,2,0,2,4,68,45,4,0,0,auto,defender,0.601,0.804,attacker
B0558,Selene Dominion,Latian Republic,hills,clear,1,1,7,0,2,0,4,7,6,1,15,1,0,3,0,0,5,5,88,40,61,0,25,auto,defender,0.801,0.442,defender
B0559,Latian Republic,Kessari Riders,river_crossing,clear,9,3,6,3,5,0,1,1,1,1,0,1,2,10,4,0,4,5,64,46,57,1,12,auto,attacker,0.419,0.751,attacker
B0560,Orenthal League,Sable Nomads,river_crossing,clear,1,0,3,2,4,6,4,5,1,4,2,0,7,4,0,2,1,1,71,67,26,1,22,manual,attacker,0.971,0.554,defender
B0561,Kessari Riders,Duskwood Clans,plains,clear,1,4,6,0,1,0,11,2,0,4,3,5,2,3,7,0,4,1,62,84,31,0,11,manual,attacker,0.449,0.755,attacker
B0562,Sable Nomads,Selene Dominion,plains,fog,9,2,1,2,8,4,0,0,1,7,1,3,0,1,1,6,1,5,66,63,63,0,0,manual,attacker,0.486,0.842,attacker
B0563,Sable Nomads,Latian Republic,forest,rain,1,2,3,8,3,0,4,0,8,2,4,1,5,1,1,1,4,4,54,85,55,1,17,auto,defender,0.784,0.431,defender
B0564,Kessari Riders,Latian Republic,hills,clear,4,1,1,4,0,5,7,4,3,4,6,0,3,0,5,1,4,1,70,82,0,0,0,manual,attacker,0.393,0.692,attacker
B0565,Mareth Imperium,Selene Dominion,plains,clear,2,2,0,2,6,2,2,3,6,3,1,3,0,0,3,7,5,4,77,89,42,0,0,auto,defender,0.8,0.498,defender
B0566,Orenthal League,Sable Nomads,plains,rain,6,11,3,1,0,1,3,0,2,0,5,4,9,5,0,1,4,4,64,67,11,0,0,manual,attacker,0.329,0.701,attacker
B0567,Latian Republic,Sable Nomads,plains,clear,2,5,4,5,1,2,0,1,0,2,2,6,7,1,3,2,4,3,64,64,31,0,0,auto,defender,0.806,0.503,defender
B0568,Mareth Imperium,Selene Dominion,plains,clear,8,5,1,0,2,1,4,0,0,7,0,7,5,0,0,2,5,3,67,58,62,0,20,manual,attacker,0.42,0.743,attacker
B0569,Sable Nomads,Orenthal League,hills,clear,0,0,1,9,5,11,0,0,9,8,0,1,4,2,1,1,4,2,71,96,61,1,15,auto,attacker,0.764,0.471,defender
B0570,Orenthal League,Sable Nomads,forest,rain,1,6,7,1,0,11,2,0,3,5,0,9,1,6,1,1,3,3,59,81,46,1,0,auto,attacker,0.422,0.781,attacker
B0571,Selene Dominion,Vharn Confederacy,plains,clear,0,16,1,1,2,1,0,3,8,2,1,6,1,0,0,1,2,4,86,87,66,1,17,auto,attacker,0.696,0.445,defender
B0572,Orenthal League,Sable Nomads,plains,fog,0,10,4,1,0,2,1,4,4,0,1,1,1,12,4,5,5,5,81,97,36,0,0,auto,defender,0.463,0.809,attacker
B0573,Mareth Imperium,Vharn Confederacy,plains,clear,10,6,2,0,1,1,2,0,9,4,4,7,0,0,2,2,2,3,70,58,50,0,0,manual,defender,0.77,0.566,defender
B0574,Latian Republic,Selene Dominion,marsh,clear,6,3,5,0,0,5,3,1,1,4,3,2,1,1,1,13,3,4,84,74,3,0,0,manual,defender,0.415,0.772,attacker
B0575,Kessari Riders,Sable Nomads,forest,fog,1,1,5,2,2,8,1,1,1,4,0,0,4,15,0,1,3,2,60,96,35,1,0,manual,defender,0.621,0.495,defender
B0576,Selene Dominion,Latian Republic,plains,fog,0,6,4,6,1,0,0,2,5,5,8,0,0,1,3,2,5,4,56,63,42,1,0,auto,defender,0.785,0.241,defender
B0577,Kessari Riders,Orenthal League,forest,clear,3,0,3,0,3,8,1,1,2,9,1,2,3,1,0,1,3,5,40,76,14,1,6,auto,attacker,0.851,0.454,defender
B0578,Duskwood Clans,Mareth Imperium,plains,clear,6,3,9,4,2,1,0,0,3,0,1,5,7,0,9,4,5,5,73,48,41,1,0,auto,defender,0.668,0.375,defender
B0579,Duskwood Clans,Selene Dominion,marsh,fog,0,4,5,5,4,4,1,2,11,4,4,1,1,1,1,2,5,4,54,54,70,0,18,auto,attacker,0.789,0.443,defender
B0580,Kessari Riders,Sable Nomads,marsh,clear,5,0,12,2,1,3,0,0,3,0,5,1,9,5,0,1,1,5,45,54,18,0,0,auto,attacker,0.615,0.396,defender
B0581,Selene Dominion,Kessari Riders,hills,clear,1,3,1,2,5,1,0,7,6,4,0,3,1,0,5,3,5,1,70,75,47,0,0,manual,attacker,0.854,0.348,defender
B0582,Kessari Riders,Selene Dominion,marsh,clear,1,0,7,0,3,8,5,0,2,1,3,12,0,0,1,9,1,4,53,48,12,0,0,manual,defender,0.366,0.792,attacker
B0583,Vharn Confederacy,Latian Republic,river_crossing,rain,3,8,5,6,2,0,1,0,7,2,7,3,1,0,0,3,2,3,73,67,48,0,24,auto,attacker,0.744,0.358,defender
B0584,Mareth Imperium,Vharn Confederacy,plains,rain,8,2,9,0,6,3,0,0,2,6,3,1,9,0,3,0,5,2,40,82,23,1,6,auto,attacker,0.454,0.745,attacker
B0585,Selene Dominion,Orenthal League,hills,fog,2,6,0,2,0,1,1,9,0,6,7,2,2,3,0,2,4,1,59,64,59,0,0,auto,attacker,0.556,0.436,defender
B0586,Kessari Riders,Latian Republic,plains,fog,1,0,5,5,5,2,5,6,4,3,8,1,8,0,1,0,1,3,80,77,18,0,0,auto,attacker,0.441,0.742,attacker
B0587,Latian Republic,Mareth Imperium,river_crossing,clear,4,11,1,0,4,0,0,2,5,0,1,0,1,1,5,5,5,1,72,65,57,1,19,auto,attacker,0.419,0.668,attacker
B0588,Selene Dominion,Kessari Riders,marsh,rain,1,3,1,1,3,0,4,5,1,3,8,0,6,0,5,0,1,3,80,64,52,0,0,auto,defender,0.772,0.395,defender
B0589,Kessari Riders,Vharn Confederacy,plains,rain,0,1,1,3,2,6,4,2,1,7,2,2,7,2,3,0,2,4,76,76,63,0,0,manual,defender,0.96,0.46,defender
B0590,Sable Nomads,Vharn Confederacy,hills,clear,0,1,2,8,7,6,0,1,7,6,0,3,1,5,0,0,1,1,82,73,8,0,6,auto,attacker,0.427,0.773,attacker
B0591,Latian Republic,Orenthal League,plains,clear,3,5,3,5,4,0,2,0,3,1,3,1,0,7,3,0,1,1,75,65,35,1,0,manual,attacker,0.781,0.396,defender
B0592,Selene Dominion,Vharn Confederacy,plains,clear,2,1,0,1,11,1,0,5,7,8,0,7,2,0,1,0,3,3,72,76,11,0,0,auto,defender,0.902,0.41,defender
B0593,Orenthal League,Sable Nomads,river_crossing,rain,1,8,3,11,0,3,2,1,3,2,0,3,4,7,0,2,4,3,79,68,24,0,5,auto,attacker,0.392,0.733,attacker
B0594,Selene Dominion,Duskwood Clans,plains,clear,3,0,1,11,2,0,1,8,0,2,5,1,5,2,2,3,5,2,87,100,96,1,23,auto,attacker,0.909,0.487,defender
B0595,Selene Dominion,Kessari Riders,hills,rain,0,1,7,1,11,0,0,3,3,0,1,0,1,3,14,0,1,4,62,90,73,1,0,manual,attacker,0.58,0.269,defender
B0596,Kessari Riders,Latian Republic,plains,clear,0,11,0,1,4,2,2,0,8,5,6,0,2,5,2,3,1,1,60,47,28,0,12,manual,defender,0.728,0.337,defender
B0597,Mareth Imperium,Duskwood Clans,river_crossing,fog,3,2,3,4,0,2,9,6,0,0,8,7,0,8,0,1,3,3,74,62,0,1,0,auto,attacker,0.483,0.766,attacker
B0598,Kessari Riders,Orenthal League,forest,rain,1,3,0,8,1,6,2,0,1,1,1,8,1,4,2,0,4,2,82,74,28,0,14,manual,attacker,0.508,0.744,attacker
B0599,Kessari Riders,Duskwood Clans,river_crossing,clear,4,2,0,2,6,7,3,1,3,1,3,1,6,3,0,2,5,2,88,43,33,0,0,auto,attacker,0.508,0.544,attacker
B0600,Sable Nomads,Duskwood Clans,hills,rain,2,4,1,3,1,3,3,1,2,0,3,5,11,3,2,1,2,4,70,81,18,1,19,auto,defender,0.698,0.414,defender
B0601,Mareth Imperium,Sable Nomads,forest,clear,0,1,0,4,0,5,12,4,0,1,0,1,7,5,5,1,5,1,95,80,70,1,0,manual,attacker,0.534,0.8,attacker
B0602,Duskwood Clans,Latian Republic,river_crossing,clear,0,2,3,1,6,5,0,7,2,1,9,4,1,0,0,3,4,3,84,66,27,1,0,auto,attacker,0.773,0.456,defender
B0603,Duskwood Clans,Vharn Confederacy,forest,clear,3,1,2,2,9,3,3,2,2,11,0,3,1,6,1,0,1,1,81,52,5,0,0,manual,attacker,0.913,0.503,defender
B0604,Kessari Riders,Orenthal League,forest,rain,0,1,1,0,3,10,3,1,2,0,5,4,0,6,0,1,3,1,67,93,90,0,0,auto,attacker,0.819,0.371,defender
B0605,Duskwood Clans,Mareth Imperium,plains,clear,2,1,4,1,5,10,0,0,5,1,8,2,2,0,0,0,2,1,73,56,61,0,0,auto,attacker,0.26,0.792,attacker
B0606,Kessari Riders,Mareth Imperium,river_crossing,clear,1,2,0,1,6,2,10,0,10,2,0,1,1,0,2,6,4,3,75,55,42,1,0,auto,attacker,0.72,0.487,defender
B0607,Kessari Riders,Sable Nomads,marsh,clear,0,9,4,2,0,6,1,6,0,0,0,10,3,9,2,0,4,4,67,55,38,0,0,auto,attacker,0.365,0.826,attacker
B0608,Orenthal League,Duskwood Clans,marsh,fog,0,3,5,0,5,6,3,0,1,0,6,0,6,4,7,0,5,2,87,87,0,0,0,auto,attacker,0.357,0.853,attacker
B0609,Vharn Confederacy,Kessari Riders,hills,clear,5,4,5,13,1,0,0,2,4,0,1,0,4,2,1,12,5,2,86,64,32,1,7,auto,attacker,0.4,0.693,attacker
B0610,Kessari Riders,Selene Dominion,river_crossing,clear,1,3,9,0,4,2,4,3,2,7,0,5,1,1,0,6,4,3,65,46,31,0,0,auto,attacker,0.497,0.777,attacker
B0611,Duskwood Clans,Orenthal League,hills,rain,0,0,1,0,4,6,8,1,0,6,3,4,2,6,2,0,1,1,78,76,10,0,18,auto,defender,0.829,0.399,defender
B0612,Mareth Imperium,Duskwood Clans,plains,clear,3,4,9,2,1,1,6,1,0,1,1,3,2,11,3,1,5,4,71,59,30,0,0,auto,attacker,0.38,0.594,attacker
B0613,Kessari Riders,Orenthal League,plains,fog,2,1,0,1,7,6,3,3,7,0,5,3,1,8,2,1,4,3,81,59,14,0,0,auto,defender,0.759,0.425,defender
B0614,Latian Republic,Vharn Confederacy,plains,clear,7,5,3,6,0,1,1,0,10,10,1,1,3,0,1,2,4,2,40,88,28,0,0,auto,defender,0.913,0.371,defender
B0615,Selene Dominion,Mareth Imperium,plains,clear,1,1,0,7,2,0,2,8,12,2,1,0,0,0,7,1,4,4,44,67,55,0,16,auto,attacker,0.832,0.421,defender
B0616,Selene Dominion,Sable Nomads,river_crossing,clear,0,4,1,5,4,2,0,7,7,0,2,3,5,7,0,1,5,5,99,55,43,0,18,manual,attacker,0.719,0.394,defender
B0617,Selene Dominion,Duskwood Clans,marsh,clear,4,1,2,7,2,1,2,2,1,0,15,1,1,7,1,1,3,2,51,79,39,1,8,auto,defender,0.834,0.459,defender
B0618,Orenthal League,Mareth Imperium,marsh,clear,3,4,3,0,0,7,5,0,12,4,1,0,0,0,6,0,5,3,52,80,38,0,21,auto,attacker,0.593,0.288,defender
B0619,Kessari Riders,Latian Republic,forest,clear,2,4,0,0,5,1,5,7,0,1,5,12,1,2,2,2,2,4,63,78,12,1,23,manual,defender,0.886,0.374,defender
B0620,Duskwood Clans,Selene Dominion,forest,clear,1,0,1,15,5,2,2,0,0,3,0,5,0,5,1,10,2,2,52,90,58,0,0,auto,attacker,0.898,0.435,defender
B0621,Orenthal League,Kessari Riders,plains,clear,6,3,1,7,3,5,0,2,1,4,5,0,1,4,4,1,5,5,40,66,48,0,0,manual,attacker,0.742,0.483,defender
B0622,Kessari Riders,Sable Nomads,forest,fog,1,1,1,3,3,9,1,0,0,1,11,2,1,5,5,0,5,5,67,73,28,0,0,auto,defender,0.668,0.329,defender
B0623,Sable Nomads,Duskwood Clans,marsh,clear,0,1,1,2,5,14,0,2,1,1,6,3,6,0,3,0,2,2,52,81,10,1,0,auto,attacker,0.889,0.498,defender
B0624,Mareth Imperium,Duskwood Clans,plains,clear,19,1,1,1,2,0,2,0,1,1,1,3,2,3,5,6,2,2,71,63,20,1,0,auto,attacker,0.497,0.867,attacker
B0625,Latian Republic,Orenthal League,plains,clear,1,2,0,9,4,4,0,4,5,4,0,8,1,8,1,0,3,4,83,60,19,1,0,manual,defender,0.824,0.458,defender
B0626,Kessari Riders,Sable Nomads,hills,rain,0,4,1,11,0,4,5,0,1,1,6,2,1,10,2,0,2,1,76,76,38,1,11,auto,attacker,0.814,0.415,defender
B0627,Vharn Confederacy,Orenthal League,forest,clear,12,3,0,1,6,0,0,3,1,1,1,1,3,1,6,9,2,4,90,60,42,0,0,auto,attacker,0.412,0.735,attacker
B0628,Kessari Riders,Latian Republic,hills,clear,1,0,0,5,8,6,3,1,3,2,12,0,1,0,1,6,3,1,61,64,42,1,15,auto,defender,0.377,0.715,attacker
B0629,Vharn Confederacy,Kessari Riders,plains,fog,12,1,5,0,1,0,1,2,0,1,4,0,2,1,0,12,2,2,72,62,17,0,22,auto,attacker,0.569,0.66,attacker
B0630,Selene Dominion,Orenthal League,plains,clear,6,1,3,5,1,1,1,2,2,1,8,4,4,4,2,0,3,2,85,86,18,0,14,manual,defender,0.767,0.442,defender
B0631,Selene Dominion,Mareth Imperium,plains,clear,0,1,0,4,8,11,0,1,3,0,1,2,0,0,6,13,4,1,58,83,0,0,16,auto,attacker,0.363,0.729,attacker
B0632,Duskwood Clans,Kessari Riders,river_crossing,clear,4,0,3,6,1,10,0,0,1,1,3,1,5,4,1,10,1,1,48,71,46,0,0,auto,attacker,0.377,0.856,attacker
B0633,Sable Nomads,Latian Republic,river_crossing,clear,9,1,0,0,10,6,0,4,4,5,3,0,2,2,2,2,2,1,51,56,18,0,0,auto,attacker,0.47,0.875,attacker
B0634,Latian Republic,Orenthal League,hills,rain,1,0,1,3,9,2,3,1,7,1,1,1,7,2,3,0,1,5,80,53,37,0,0,auto,attacker,0.6,0.301,defender
B0635,Duskwood Clans,Mareth Imperium,hills,rain,0,0,1,4,8,6,0,1,3,2,1,2,0,0,6,4,3,5,72,63,34,0,0,auto,attacker,0.7,0.379,defender
B0636,Vharn Confederacy,Orenthal League,plains,clear,2,10,0,10,2,1,0,0,1,4,4,8,0,1,1,1,4,3,95,85,76,0,15,auto,attacker,0.665,0.478,defender
B0637,Orenthal League,Duskwood Clans,hills,clear,3,1,1,4,0,14,0,0,0,0,2,3,14,1,1,0,4,2,85,52,29,1,0,auto,attacker,0.293,0.725,attacker
B0638,Duskwood Clans,Sable Nomads,hills,rain,1,3,1,7,9,2,0,1,0,3,1,2,11,7,2,1,1,5,62,64,44,0,7,auto,defender,0.91,0.461,defender
B0639,Mareth Imperium,Vharn Confederacy,river_crossing,fog,4,1,0,0,0,14,1,0,4,3,9,0,2,0,2,1,1,4,92,73,49,1,15,manual,defender,0.728,0.323,defender
B0640,Selene Dominion,Mareth Imperium,river_crossing,clear,4,7,2,7,5,1,1,3,11,7,1,2,0,0,2,1,2,3,79,71,0,0,21,auto,attacker,0.439,0.676,attacker
B0641,Selene Dominion,Orenthal League,river_crossing,clear,0,2,0,2,12,6,2,4,0,1,9,5,3,5,1,1,4,4,42,78,16,0,25,auto,attacker,0.851,0.392,defender
B0642,Duskwood Clans,Selene Dominion,hills,rain,0,1,8,9,4,1,0,1,0,2,2,2,8,0,2,6,3,2,81,100,57,1,0,auto,attacker,0.685,0.513,defender
B0643,Kessari Riders,Duskwood Clans,hills,clear,1,7,0,1,5,4,3,1,0,0,12,0,1,4,0,5,5,1,68,49,59,0,0,auto,attacker,0.546,0.743,attacker
B0644,Orenthal League,Duskwood Clans,forest,clear,6,3,1,6,4,2,0,2,1,1,1,4,15,1,0,1,3,4,55,53,19,0,14,auto,attacker,0.514,0.892,attacker
B0645,Kessari Riders,Orenthal League,hills,fog,0,0,0,1,12,2,8,1,5,2,5,6,0,1,0,4,1,3,61,64,37,0,0,auto,attacker,0.429,0.726,attacker
B0646,Latian Republic,Selene Dominion,forest,clear,2,1,14,1,0,0,7,0,1,10,1,2,2,0,4,5,1,1,75,53,74,1,5,auto,attacker,0.444,0.783,attacker
B0647,Latian Republic,Kessari Riders,forest,clear,0,2,11,3,3,1,4,1,2,0,2,7,5,4,5,0,4,3,82,70,19,0,15,auto,attacker,0.345,0.703,attacker
B0648,Kessari Riders,Selene Dominion,plains,rain,1,0,0,12,11,1,1,0,3,1,5,8,1,1,0,6,5,1,54,97,34,0,0,auto,attacker,0.409,0.74,attacker
B0649,Kessari Riders,Mareth Imperium,hills,rain,0,4,2,0,1,7,8,1,9,3,5,0,3,2,1,1,4,3,83,81,30,0,5,auto,attacker,0.914,0.472,defender
B0650,Sable Nomads,Kessari Riders,forest,clear,6,8,0,3,2,3,2,4,5,2,1,0,0,1,14,0,3,2,63,84,0,1,19,auto,attacker,0.442,0.811,attacker
B0651,Selene Dominion,Mareth Imperium,marsh,clear,1,4,2,1,1,8,0,3,1,4,0,4,0,4,2,3,2,1,84,62,44,0,0,auto,attacker,0.727,0.489,defender
B0652,Selene Dominion,Kessari Riders,forest,clear,5,8,1,3,7,0,0,4,0,2,0,1,0,2,3,16,5,1,43,75,58,1,15,manual,attacker,0.408,0.801,attacker
B0653,Duskwood Clans,Vharn Confederacy,marsh,rain,1,0,5,1,5,6,0,9,1,2,2,1,6,0,1,7,5,5,66,75,51,0,0,auto,attacker,0.411,0.914,attacker
B0654,Orenthal League,Mareth Imperium,plains,clear,5,2,2,8,0,1,4,0,11,4,3,1,0,0,1,3,5,5,78,62,48,1,5,auto,defender,0.5,0.624,attacker
B0655,Orenthal League,Mareth Imperium,plains,clear,1,0,1,3,8,7,0,2,3,0,0,0,1,0,13,3,4,2,40,58,44,0,0,auto,attacker,0.797,0.404,defender
B0656,Duskwood Clans,Vharn Confederacy,plains,clear,1,0,3,3,12,5,1,0,2,3,6,12,0,0,0,0,4,1,73,41,64,0,0,auto,attacker,0.391,0.745,attacker
B0657,Orenthal League,Vharn Confederacy,river_crossing,clear,6,2,0,2,2,9,1,3,1,4,0,6,3,2,0,12,5,3,63,68,53,0,0,auto,defender,0.855,0.376,defender
B0658,Duskwood Clans,Kessari Riders,hills,clear,0,1,2,1,19,4,0,2,0,2,0,0,6,6,3,1,2,4,54,75,28,0,0,auto,attacker,0.825,0.511,defender
B0659,Kessari Riders,Orenthal League,marsh,clear,4,12,0,0,2,2,1,1,4,6,5,2,0,0,1,0,4,4,93,85,80,0,0,manual,attacker,0.974,0.417,defender
B0660,Selene Dominion,Latian Republic,plains,clear,1,13,6,3,2,2,0,1,11,3,2,0,0,8,1,0,2,5,77,81,33,0,17,auto,attacker,0.389,0.879,attacker
B0661,Sable Nomads,Selene Dominion,forest,clear,1,1,1,1,6,10,2,1,1,0,1,11,2,4,0,2,4,5,75,63,11,0,0,auto,attacker,0.446,0.683,attacker
B0662,Selene Dominion,Mareth Imperium,marsh,clear,1,3,1,6,2,0,0,10,0,1,1,0,4,0,16,1,1,4,50,70,52,0,0,auto,attacker,0.699,0.349,defender
B0663,Mareth Imperium,Vharn Confederacy,plains,rain,2,3,7,0,3,1,8,1,0,3,0,10,0,3,1,6,1,4,70,98,35,0,0,manual,attacker,0.401,0.641,attacker
B0664,Sable Nomads,Selene Dominion,forest,fog,4,0,4,2,6,6,0,2,0,3,4,4,1,3,0,2,4,4,61,47,79,0,0,auto,attacker,0.352,0.729,attacker
B0665,Orenthal League,Kessari Riders,plains,clear,4,6,8,1,1,3,2,1,5,0,1,0,4,1,10,0,5,1,80,76,58,1,0,auto,attacker,0.409,0.79,attacker
B0666,Latian Republic,Mareth Imperium,hills,rain,6,7,3,0,0,4,0,2,4,2,0,3,2,3,5,0,4,4,74,76,47,0,24,manual,attacker,0.372,0.564,attacker
B0667,Selene Dominion,Kessari Riders,hills,rain,6,7,2,7,1,1,0,3,0,0,1,0,1,4,11,5,5,2,89,89,28,0,20,auto,attacker,0.44,0.839,attacker
B0668,Kessari Riders,Mareth Imperium,plains,rain,0,1,4,1,7,4,3,6,1,3,0,2,0,7,5,4,5,1,84,52,30,1,0,manual,attacker,0.732,0.504,defender
B0669,Mareth Imperium,Selene Dominion,plains,rain,1,2,0,2,1,10,4,0,1,8,0,8,5,0,0,6,4,3,52,54,0,0,0,manual,defender,0.459,0.844,attacker
B0670,Selene Dominion,Kessari Riders,river_crossing,rain,0,1,0,10,8,2,1,0,2,0,0,5,5,2,5,0,4,1,80,72,20,0,7,auto,attacker,0.772,0.422,defender
B0671,Latian Republic,Orenthal League,plains,rain,8,3,2,2,2,2,0,5,2,5,2,9,2,2,0,0,3,3,70,71,39,0,6,manual,attacker,0.489,0.751,attacker
B0672,Sable Nomads,Latian Republic,forest,clear,0,2,7,5,6,2,0,0,5,2,3,0,1,0,5,0,1,1,81,97,24,0,12,auto,attacker,0.294,0.798,attacker
B0673,Mareth Imperium,Vharn Confederacy,river_crossing,clear,0,5,0,2,0,6,9,1,4,1,0,5,0,2,2,9,1,1,68,63,7,0,20,manual,attacker,0.378,0.792,attacker
B0674,Mareth Imperium,Latian Republic,forest,rain,0,4,0,0,2,3,18,2,4,14,2,0,5,0,0,0,4,4,59,68,60,0,0,manual,attacker,0.661,0.225,defender
B0675,Latian Republic,Mareth Imperium,hills,fog,1,2,5,11,0,4,0,1,7,1,0,0,1,4,5,6,1,2,77,86,45,0,15,auto,attacker,0.833,0.375,defender
B0676,Latian Republic,Sable Nomads,marsh,clear,4,9,2,1,1,1,0,5,3,1,1,6,6,6,0,1,1,3,71,78,47,1,15,auto,defender,0.837,0.464,defender
B0677,Latian Republic,Selene Dominion,river_crossing,clear,3,5,0,3,10,0,1,1,4,4,0,2,8,0,1,2,3,3,79,64,62,0,14,manual,attacker,0.779,0.375,defender
B0678,Sable Nomads,Mareth Imperium,marsh,clear,0,5,1,0,2,2,1,8,4,7,2,0,0,1,13,0,4,1,85,64,0,0,7,auto,defender,0.817,0.478,defender
B0679,Selene Dominion,Orenthal League,forest,clear,1,5,2,5,3,2,1,4,6,0,2,2,0,5,4,0,1,3,73,81,17,0,12,auto,attacker,0.741,0.462,defender
B0680,Latian Republic,Mareth Imperium,hills,rain,4,6,0,3,1,2,2,5,5,5,1,0,6,1,4,2,1,2,79,80,26,1,0,manual,defender,0.844,0.374,defender
B0681,Sable Nomads,Duskwood Clans,river_crossing,clear,1,7,0,3,1,11,0,0,1,0,2,1,6,5,1,1,4,5,79,98,32,0,0,auto,attacker,0.501,0.839,attacker
B0682,Sable Nomads,Selene Dominion,forest,clear,0,0,1,1,15,2,0,2,2,2,0,7,1,1,2,6,5,2,63,66,3,1,10,auto,attacker,0.437,0.807,attacker
B0683,Latian Republic,Selene Dominion,forest,rain,9,2,4,0,0,0,1,2,1,3,1,2,5,2,11,2,3,2,59,78,19,1,0,auto,defender,0.506,0.79,attacker
B0684,Orenthal League,Selene Dominion,marsh,clear,5,9,3,3,0,1,5,1,11,2,1,0,2,0,0,2,4,5,63,57,34,0,23,auto,attacker,0.478,0.785,attacker
B0685,Orenthal League,Sable Nomads,forest,clear,5,14,0,0,0,1,2,0,1,0,0,6,10,2,1,0,2,2,73,70,54,0,0,auto,attacker,0.43,0.843,attacker
B0686,Kessari Riders,Vharn Confederacy,river_crossing,rain,5,0,3,2,4,4,8,0,3,7,1,2,0,12,0,0,2,5,89,54,35,0,25,auto,attacker,0.679,0.223,defender
B0687,Orenthal League,Latian Republic,marsh,rain,1,3,2,9,1,3,5,0,6,1,4,5,0,1,2,1,3,1,59,73,15,0,8,auto,attacker,0.537,0.884,attacker
B0688,Sable Nomads,Duskwood Clans,plains,clear,3,0,2,0,4,3,4,0,0,1,3,7,6,1,0,0,5,3,90,73,29,0,0,manual,defender,0.399,0.722,attacker
B0689,Vharn Confederacy,Latian Republic,marsh,clear,1,1,4,7,1,6,0,2,7,5,7,3,0,0,1,2,4,5,59,70,42,0,8,auto,defender,0.866,0.399,defender
B0690,Kessari Riders,Latian Republic,plains,rain,0,0,2,0,12,2,4,1,4,2,6,0,1,1,0,9,5,4,68,63,49,0,0,auto,attacker,0.498,0.844,attacker
B0691,Latian Republic,Duskwood Clans,hills,clear,4,2,9,1,2,4,2,0,1,0,3,3,8,6,0,1,5,1,90,63,33,0,0,auto,attacker,0.366,0.637,attacker
B0692,Selene Dominion,Sable Nomads,plains,fog,3,11,2,1,8,0,1,2,6,0,1,1,4,9,1,3,1,3,66,69,24,0,0,auto,attacker,0.815,0.473,defender
B0693,Duskwood Clans,Vharn Confederacy,hills,rain,0,0,11,5,3,1,1,1,3,7,0,5,0,2,0,1,3,4,71,72,47,0,0,auto,attacker,0.454,0.792,attacker
B0694,Selene Dominion,Latian Republic,marsh,clear,0,0,0,10,1,2,5,5,1,7,6,1,2,1,0,4,1,4,49,60,53,0,0,auto,attacker,0.779,0.387,defender
B0695,Mareth Imperium,Vharn Confederacy,river_crossing,clear,7,0,5,2,0,3,5,1,1,7,2,1,1,0,10,0,2,4,73,58,8,0,0,manual,attacker,0.763,0.376,defender
B0696,Latian Republic,Selene Dominion,hills,rain,4,1,7,3,0,4,0,3,0,4,1,7,4,0,3,4,1,3,56,73,43,0,21,auto,attacker,0.678,0.471,defender
B0697,Selene Dominion,Duskwood Clans,marsh,clear,6,0,0,4,2,1,2,1,0,0,0,2,10,3,3,0,3,5,65,57,0,1,23,manual,defender,0.812,0.518,defender
B0698,Kessari Riders,Vharn Confederacy,plains,rain,2,0,0,4,4,5,14,0,0,3,3,1,1,0,14,2,3,2,54,83,27,0,0,auto,attacker,0.746,0.433,defender
B0699,Latian Republic,Kessari Riders,marsh,clear,2,10,2,0,1,0,3,3,1,0,2,2,0,11,4,1,3,4,72,94,29,0,17,auto,attacker,0.44,0.644,attacker
B0700,Orenthal League,Kessari Riders,marsh,clear,8,4,9,0,3,0,0,0,0,0,0,3,10,1,14,0,1,1,74,79,39,1,0,auto,defender,0.504,0.667,attacker
B0701,Duskwood Clans,Selene Dominion,marsh,clear,1,0,8,7,2,4,0,3,0,1,1,10,4,2,0,6,3,3,59,72,26,1,7,manual,attacker,0.421,0.779,attacker
B0702,Kessari Riders,Sable Nomads,forest,clear,1,6,4,0,7,5,1,3,4,6,0,3,5,2,0,1,2,4,80,87,61,0,0,auto,attacker,0.58,0.785,attacker
B0703,Mareth Imperium,Orenthal League,forest,clear,7,1,1,2,2,5,4,3,12,3,6,3,0,1,0,3,5,1,84,66,23,1,17,auto,defender,0.757,0.434,defender
B0704,Mareth Imperium,Orenthal League,forest,clear,2,8,2,2,0,8,4,0,13,4,2,0,0,2,0,5,4,1,78,89,0,0,0,manual,attacker,0.518,0.626,attacker
B0705,Vharn Confederacy,Latian Republic,plains,clear,1,7,1,4,5,0,3,2,2,6,6,0,2,6,4,0,1,2,53,62,2,0,0,manual,defender,0.84,0.311,defender
B0706,Duskwood Clans,Orenthal League,plains,rain,0,0,1,2,23,2,0,0,2,1,1,5,5,0,4,2,3,1,74,75,36,1,0,auto,attacker,0.771,0.391,defender
B0707,Vharn Confederacy,Selene Dominion,forest,clear,2,1,0,7,7,0,3,3,3,9,1,4,0,0,0,4,5,5,86,58,59,0,0,auto,attacker,0.463,0.888,attacker
B0708,Latian Republic,Vharn Confederacy,plains,clear,1,1,6,0,3,1,6,1,1,2,0,20,0,4,0,2,3,3,57,77,65,1,0,manual,defender,0.713,0.499,defender
B0709,Sable Nomads,Vharn Confederacy,plains,clear,0,0,0,5,6,4,0,5,2,6,1,10,0,3,1,1,5,2,90,89,32,0,0,auto,defender,0.871,0.589,defender
B0710,Sable Nomads,Vharn Confederacy,plains,clear,1,5,1,10,1,5,0,3,5,6,3,4,0,0,3,1,2,1,50,64,54,0,0,manual,attacker,0.447,0.731,attacker
B0711,Mareth Imperium,Duskwood Clans,plains,fog,7,4,7,1,2,0,1,0,0,0,5,0,16,2,0,2,2,5,86,73,37,0,0,auto,defender,0.46,0.76,attacker
B0712,Latian Republic,Selene Dominion,plains,clear,7,5,1,2,1,1,2,3,4,3,5,1,2,1,0,3,1,4,91,68,18,0,0,auto,attacker,0.34,0.794,attacker
B0713,Mareth Imperium,Orenthal League,river_crossing,clear,17,2,5,0,2,0,2,0,1,0,6,3,2,2,0,7,1,5,84,68,95,0,0,auto,attacker,0.444,0.852,attacker
B0714,Vharn Confederacy,Latian Republic,plains,clear,1,5,4,8,0,0,1,1,12,0,2,1,1,1,9,1,1,3,79,89,28,1,0,manual,defender,0.654,0.322,defender
B0715,Orenthal League,Latian Republic,river_crossing,clear,7,2,5,1,0,5,1,1,7,7,1,3,0,2,4,1,2,4,94,100,27,1,0,manual,defender,0.646,0.193,defender
B0716,Mareth Imperium,Duskwood Clans,plains,rain,3,3,1,0,0,0,12,1,4,1,2,4,4,1,0,0,1,3,40,75,32,0,0,auto,attacker,0.309,0.707,attacker
B0717,Kessari Riders,Vharn Confederacy,marsh,clear,1,3,2,2,2,9,1,1,1,2,0,6,3,5,3,1,2,2,40,89,49,1,23,auto,attacker,0.789,0.378,defender
B0718,Selene Dominion,Latian Republic,plains,clear,1,1,4,3,6,2,0,5,6,4,15,0,2,1,0,1,4,1,86,61,54,0,0,auto,defender,0.855,0.371,defender
B0719,Duskwood Clans,Vharn Confederacy,forest,rain,0,2,1,4,4,1,7,2,0,11,3,1,1,6,1,0,1,5,67,78,43,0,0,auto,attacker,0.681,0.42,defender
B0720,Vharn Confederacy,Orenthal League,forest,clear,11,8,0,0,2,1,0,4,4,1,4,10,0,0,2,4,3,5,48,51,22,0,0,auto,attacker,0.772,0.468,defender
B0721,Sable Nomads,Duskwood Clans,river_crossing,fog,1,1,2,4,1,4,2,2,0,4,4,3,6,1,3,6,1,2,85,73,19,0,11,auto,defender,0.783,0.35,defender
B0722,Vharn Confederacy,Orenthal League,plains,rain,5,4,0,8,0,0,3,3,5,2,1,3,1,6,0,1,2,3,56,71,13,0,0,auto,attacker,0.831,0.482,defender
B0723,Kessari Riders,Orenthal League,forest,fog,3,0,0,0,10,4,6,0,9,4,2,1,1,5,1,1,1,5,100,83,29,0,10,auto,attacker,0.672,0.28,defender
B0724,Selene Dominion,Orenthal League,hills,clear,9,1,0,1,2,0,1,10,1,6,2,1,1,1,10,2,4,3,81,65,34,1,0,auto,attacker,0.756,0.36,defender
B0725,Selene Dominion,Orenthal League,hills,clear,1,7,0,4,3,0,1,9,4,3,14,1,0,2,0,0,3,1,53,81,4,0,0,auto,attacker,0.462,0.794,attacker
B0726,Orenthal League,Mareth Imperium,plains,clear,2,2,1,2,2,12,2,0,8,1,1,5,2,0,5,3,4,2,65,85,68,1,0,auto,defender,0.39,0.646,attacker
B0727,Duskwood Clans,Kessari Riders,forest,clear,1,0,4,6,5,2,2,1,10,0,0,4,1,1,5,0,4,2,60,68,42,0,0,auto,attacker,0.653,0.481,defender
B0728,Duskwood Clans,Selene Dominion,hills,clear,0,4,3,0,7,8,1,3,0,5,4,4,0,0,8,5,4,1,96,71,34,0,0,auto,attacker,0.542,0.732,attacker
B0729,Latian Republic,Duskwood Clans,forest,rain,1,1,5,4,7,2,1,3,1,0,9,2,12,1,1,1,5,2,80,75,65,0,16,auto,defender,0.919,0.544,defender
B0730,Orenthal League,Sable Nomads,forest,clear,6,2,1,3,1,4,0,3,2,1,1,3,9,3,3,2,1,2,82,40,45,0,0,auto,defender,0.771,0.522,defender
B0731,Kessari Riders,Selene Dominion,plains,fog,0,2,6,0,7,3,1,1,2,2,0,8,2,2,1,7,2,3,55,46,34,0,0,auto,defender,0.38,0.765,attacker
B0732,Selene Dominion,Orenthal League,plains,rain,0,5,8,1,0,2,0,5,4,8,5,1,0,1,3,0,2,1,59,87,0,0,0,manual,attacker,0.731,0.508,defender
B0733,Mareth Imperium,Orenthal League,plains,fog,3,2,0,2,5,11,4,1,1,9,2,1,0,1,5,0,4,4,73,100,20,1,24,auto,attacker,0.658,0.251,defender
B0734,Latian Republic,Duskwood Clans,river_crossing,rain,6,3,4,1,1,1,1,3,2,0,6,6,2,1,0,0,5,2,60,60,39,0,0,auto,attacker,0.905,0.476,defender
B0735,Duskwood Clans,Vharn Confederacy,marsh,clear,1,1,1,1,11,3,1,0,4,16,1,1,2,1,0,0,5,5,70,70,17,1,9,manual,defender,0.628,0.384,defender
B0736,Latian Republic,Kessari Riders,plains,fog,6,6,3,2,4,2,0,3,1,0,5,2,7,9,0,2,5,5,86,61,1,0,0,auto,attacker,0.796,0.396,defender
B0737,Latian Republic,Sable Nomads,plains,clear,1,0,10,0,8,1,0,0,0,1,2,2,5,7,0,8,2,5,57,84,40,0,7,manual,defender,0.799,0.414,defender
B0738,Orenthal League,Kessari Riders,river_crossing,clear,1,3,1,2,3,17,0,1,1,3,0,0,13,3,1,0,2,2,58,52,48,1,22,auto,attacker,0.488,0.681,attacker
B0739,Kessari Riders,Mareth Imperium,river_crossing,rain,3,2,2,0,8,3,6,0,4,5,2,2,3,0,6,2,5,3,91,65,87,1,18,manual,attacker,0.756,0.432,defender
B0740,Duskwood Clans,Kessari Riders,plains,fog,0,4,10,7,1,2,0,1,0,1,0,2,1,4,13,1,4,4,69,66,23,0,0,auto,attacker,0.713,0.357,defender
B0741,Latian Republic,Duskwood Clans,plains,clear,3,1,5,5,0,5,0,5,1,0,5,3,12,0,0,2,2,1,80,45,7,0,0,manual,attacker,0.432,0.723,attacker
B0742,Selene Dominion,Mareth Imperium,river_crossing,clear,1,1,0,2,4,1,0,13,12,3,2,6,0,0,2,1,2,2,49,41,34,1,0,auto,defender,0.716,0.365,defender
B0743,Sable Nomads,Latian Republic,forest,clear,4,1,1,1,2,17,1,2,2,4,4,3,1,2,1,1,4,5,83,57,33,0,24,manual,attacker,0.528,0.718,attacker
B0744,Mareth Imperium,Orenthal League,marsh,rain,11,8,3,0,0,3,0,0,5,2,1,1,4,2,3,0,5,5,91,61,31,1,0,auto,attacker,0.481,0.641,attacker
B0745,Latian Republic,Selene Dominion,plains,fog,7,0,2,5,7,1,3,0,1,2,1,7,7,0,3,4,2,1,88,52,0,1,0,auto,attacker,0.418,0.825,attacker
B0746,Vharn Confederacy,Duskwood Clans,plains,clear,2,1,7,4,0,0,7,0,1,3,3,8,5,0,1,2,1,1,75,57,37,1,24,auto,defender,0.47,0.918,attacker
B0747,Kessari Riders,Latian Republic,forest,clear,1,10,1,1,0,4,6,0,4,1,2,1,2,5,7,2,1,1,49,55,13,1,0,manual,defender,0.407,0.693,attacker
B0748,Sable Nomads,Kessari Riders,plains,clear,1,0,5,1,3,9,2,0,1,3,3,0,6,1,4,0,4,5,62,52,36,1,0,auto,attacker,0.858,0.403,defender
B0749,Orenthal League,Latian Republic,marsh,clear,5,2,6,3,2,5,2,1,4,2,1,3,2,0,6,12,4,5,86,68,10,0,0,auto,defender,0.522,0.753,attacker
B0750,Latian Republic,Kessari Riders,marsh,clear,3,6,1,4,3,0,2,2,0,0,2,1,2,8,4,3,3,3,55,44,41,1,0,auto,attacker,0.433,0.883,attacker
B0751,Vharn Confederacy,Mareth Imperium,plains,clear,8,6,0,3,5,0,0,1,5,1,1,0,1,2,11,1,3,1,60,76,43,0,21,auto,attacker,0.825,0.548,defender
B0752,Latian Republic,Orenthal League,plains,clear,1,1,17,1,4,1,0,0,1,1,0,8,6,3,1,0,5,1,74,61,32,0,0,auto,attacker,0.38,0.753,attacker
B0753,Vharn Confederacy,Mareth Imperium,plains,rain,2,12,1,7,3,0,1,1,3,7,0,0,1,3,5,4,4,2,40,81,0,0,0,auto,attacker,0.475,0.666,attacker
B0754,Selene Dominion,Duskwood Clans,river_crossing,fog,2,2,0,5,4,0,5,4,1,1,3,3,9,2,0,3,4,4,74,88,45,0,6,manual,attacker,0.48,0.811,attacker
B0755,Kessari Riders,Duskwood Clans,forest,clear,6,1,0,2,0,2,11,0,2,4,1,1,8,2,0,1,5,1,90,82,46,0,0,auto,attacker,0.495,0.817,attacker
B0756,Orenthal League,Vharn Confederacy,plains,rain,0,5,2,8,0,5,4,2,4,3,2,2,1,3,6,0,4,1,61,56,23,0,0,manual,attacker,0.48,0.859,attacker
B0757,Duskwood Clans,Orenthal League,forest,clear,5,0,1,1,5,4,3,6,2,3,7,6,4,0,1,1,2,4,67,69,28,0,23,manual,attacker,0.47,0.72,attacker
B0758,Vharn Confederacy,Duskwood Clans,river_crossing,clear,1,15,0,3,0,8,0,2,0,1,1,0,6,1,1,18,4,3,61,75,0,0,0,auto,attacker,0.49,0.712,attacker
B0759,Duskwood Clans,Kessari Riders,plains,clear,1,2,5,4,4,5,0,7,1,1,2,6,4,3,2,0,5,5,70,61,48,0,0,manual,attacker,0.512,0.718,attacker
B0760,Kessari Riders,Mareth Imperium,marsh,clear,1,0,3,2,6,2,10,0,6,4,0,5,1,0,4,1,4,5,84,79,7,0,0,auto,attacker,0.546,0.884,attacker
B0761,Orenthal League,Duskwood Clans,plains,rain,1,8,1,5,0,4,5,3,1,0,1,4,1,8,1,1,3,1,64,79,0,0,16,auto,attacker,0.389,0.642,attacker
B0762,Duskwood Clans,Orenthal League,river_crossing,clear,0,0,6,1,7,4,0,1,3,1,7,11,0,0,0,2,5,1,67,66,65,1,7,manual,defender,0.769,0.374,defender
B0763,Sable Nomads,Duskwood Clans,plains,clear,1,4,4,1,9,7,1,1,1,1,13,3,1,0,0,1,4,1,60,88,19,0,9,auto,attacker,0.471,0.721,attacker
B0764,Latian Republic,Sable Nomads,plains,fog,9,1,1,0,5,1,0,5,0,1,0,7,7,8,3,0,4,3,90,40,35,1,0,auto,defender,0.753,0.309,defender
B0765,Kessari Riders,Duskwood Clans,forest,rain,8,1,0,0,1,11,2,2,1,2,7,0,8,2,1,0,2,1,58,62,29,0,0,manual,attacker,0.468,0.823,attacker
B0766,Mareth Imperium,Orenthal League,hills,fog,3,2,2,0,5,2,4,2,1,4,3,7,0,2,6,0,2,5,88,92,38,1,5,auto,defender,0.725,0.452,defender
B0767,Orenthal League,Mareth Imperium,plains,clear,0,9,1,3,1,0,2,2,10,3,0,2,2,2,6,1,5,5,60,81,39,0,0,auto,defender,0.956,0.438,defender
B0768,Latian Republic,Kessari Riders,plains,rain,3,3,3,2,1,2,0,3,1,1,0,0,13,9,0,1,4,1,60,56,14,0,21,manual,defender,0.423,0.841,attacker
B0769,Vharn Confederacy,Mareth Imperium,river_crossing,clear,1,8,0,5,1,6,0,2,2,2,1,3,0,2,7,5,5,1,61,63,16,1,12,auto,attacker,0.369,0.591,attacker
B0770,Mareth Imperium,Selene Dominion,plains,rain,6,2,0,3,3,0,4,5,1,1,2,1,8,0,2,5,2,3,79,94,55,0,0,manual,attacker,0.267,0.745,attacker
B0771,Orenthal League,Mareth Imperium,plains,clear,2,11,0,3,3,1,0,2,7,7,2,0,0,0,7,3,4,5,74,73,22,1,0,manual,defender,0.655,0.399,defender
B0772,Mareth Imperium,Selene Dominion,hills,clear,12,0,1,1,1,1,1,9,1,3,1,9,0,1,0,8,2,3,56,80,18,0,11,manual,attacker,0.472,0.587,attacker
B0773,Latian Republic,Selene Dominion,plains,rain,5,1,9,1,1,4,0,3,1,6,3,5,1,1,0,6,3,1,69,73,43,0,0,auto,attacker,0.34,0.721,attacker
B0774,Selene Dominion,Mareth Imperium,river_crossing,clear,0,3,0,10,2,3,0,3,2,5,0,1,5,1,8,2,3,3,83,42,7,0,0,manual,defender,0.709,0.436,defender
B0775,Duskwood Clans,Kessari Riders,plains,clear,1,2,1,2,8,2,0,4,14,4,0,4,2,1,3,0,2,4,68,67,27,0,0,manual,defender,0.754,0.393,defender
B0776,Vharn Confederacy,Selene Dominion,plains,clear,2,13,0,3,1,0,1,0,1,1,7,1,5,2,2,6,1,5,90,49,0,0,12,auto,defender,0.715,0.462,defender
B0777,Duskwood Clans,Orenthal League,plains,clear,0,0,4,4,10,0,1,1,3,3,2,10,0,3,0,5,2,5,72,72,27,1,0,auto,defender,0.74,0.558,defender
B0778,Sable Nomads,Orenthal League,river_crossing,rain,0,1,0,1,0,8,5,3,1,12,1,7,0,6,0,0,4,5,78,66,30,1,0,manual,defender,0.762,0.242,defender
B0779,Latian Republic,Mareth Imperium,river_crossing,clear,5,10,5,0,1,1,3,0,7,1,4,1,1,0,6,0,5,5,63,66,11,0,0,auto,attacker,0.416,0.854,attacker
B0780,Mareth Imperium,Kessari Riders,river_crossing,clear,3,0,3,6,5,1,8,1,3,1,0,3,2,6,5,7,5,5,78,80,33,1,0,auto,attacker,0.793,0.328,defender
B0781,Selene Dominion,Vharn Confederacy,plains,clear,1,1,0,8,5,0,1,2,2,8,1,7,3,1,0,5,1,4,91,70,46,1,6,auto,defender,0.847,0.435,defender
B0782,Orenthal League,Duskwood Clans,plains,clear,5,3,2,4,2,1,7,1,1,0,1,9,1,5,4,0,1,3,65,73,40,0,0,auto,attacker,0.4,0.861,attacker
B0783,Mareth Imperium,Sable Nomads,plains,clear,5,0,0,0,6,1,7,4,13,3,0,2,3,3,1,0,3,5,100,62,18,0,0,auto,attacker,0.862,0.579,defender
B0784,Orenthal League,Duskwood Clans,hills,clear,6,1,11,2,2,0,3,2,0,2,2,1,12,2,1,0,2,4,89,53,44,0,0,auto,attacker,0.477,0.691,attacker
B0785,Duskwood Clans,Selene Dominion,plains,fog,0,2,5,0,1,1,9,5,0,1,2,2,3,0,1,9,2,5,76,75,67,0,13,auto,attacker,0.333,0.691,attacker
B0786,Selene Dominion,Mareth Imperium,hills,clear,1,0,3,5,1,5,5,4,5,5,0,0,0,2,9,4,3,4,65,82,56,1,0,auto,defender,0.57,0.341,defender
B0787,Orenthal League,Mareth Imperium,forest,clear,1,12,2,9,1,2,0,0,12,2,1,1,1,0,4,1,3,3,60,51,32,1,0,manual,attacker,0.33,0.656,attacker
B0788,Kessari Riders,Duskwood Clans,marsh,clear,0,0,1,7,2,3,1,11,3,0,1,0,12,2,2,6,1,3,63,100,29,1,0,manual,defender,0.804,0.289,defender
B0789,Duskwood Clans,Vharn Confederacy,forest,clear,1,0,2,0,11,2,6,0,1,10,5,2,0,0,0,4,5,5,83,71,55,1,0,manual,attacker,0.774,0.339,defender
B0790,Mareth Imperium,Kessari Riders,plains,rain,1,1,6,1,0,5,4,6,2,1,2,0,2,5,4,6,4,2,76,50,48,0,0,auto,attacker,0.42,0.834,attacker
B0791,Latian Republic,Mareth Imperium,plains,clear,3,1,1,5,16,0,2,0,0,5,3,0,0,9,2,4,4,1,67,80,32,0,0,auto,attacker,0.765,0.382,defender
B0792,Orenthal League,Kessari Riders,hills,rain,6,1,9,1,7,1,0,3,0,1,2,0,0,6,9,2,4,2,40,60,35,0,12,auto,attacker,0.413,0.828,attacker
B0793,Vharn Confederacy,Duskwood Clans,hills,fog,0,14,2,2,2,3,1,3,0,5,3,0,4,3,1,2,1,1,55,71,49,0,20,auto,attacker,0.357,0.616,attacker
B0794,Selene Dominion,Duskwood Clans,hills,clear,1,5,1,2,3,0,1,9,0,9,4,0,3,1,7,0,1,4,57,76,34,0,0,manual,attacker,0.716,0.35,defender
B0795,Kessari Riders,Duskwood Clans,hills,clear,0,4,0,2,4,3,7,0,0,2,2,4,11,4,0,0,1,4,75,69,37,0,0,auto,defender,0.45,0.855,attacker
B0796,Mareth Imperium,Vharn Confederacy,plains,clear,2,1,0,4,2,6,2,7,3,8,1,0,0,8,7,4,2,3,86,84,38,1,10,manual,defender,0.66,0.372,defender
B0797,Vharn Confederacy,Kessari Riders,plains,clear,5,10,2,0,0,5,1,1,1,0,2,0,6,2,13,1,5,1,54,94,29,1,7,manual,defender,0.415,0.78,attacker
B0798,Vharn Confederacy,Kessari Riders,forest,rain,4,9,2,6,1,1,0,0,0,1,3,1,6,13,1,2,1,4,77,72,37,0,0,manual,defender,0.411,0.584,attacker
B0799,Orenthal League,Vharn Confederacy,forest,clear,6,5,0,3,10,0,0,2,11,1,1,10,0,0,2,2,3,4,84,63,21,1,0,auto,defender,0.828,0.451,defender
B0800,Sable Nomads,Orenthal League,plains,clear,0,2,3,2,9,4,3,0,0,10,10,3,0,5,1,0,4,2,71,57,0,0,18,auto,defender,0.865,0.484,defender
B0801,Kessari Riders,Mareth Imperium,hills,clear,1,2,1,2,1,6,7,5,11,0,1,0,0,0,7,2,1,3,41,91,70,0,0,auto,attacker,0.813,0.428,defender
B0802,Kessari Riders,Duskwood Clans,hills,clear,0,0,3,0,7,10,1,7,1,4,2,0,8,6,1,0,2,1,65,57,52,1,0,manual,attacker,0.868,0.49,defender
B0803,Sable Nomads,Duskwood Clans,plains,clear,0,0,0,9,6,12,0,0,0,0,1,1,11,1,2,7,1,2,90,61,43,1,0,auto,attacker,0.272,0.63,attacker
B0804,Kessari Riders,Sable Nomads,marsh,rain,9,2,0,0,4,0,6,1,1,0,4,8,5,3,2,1,4,1,64,67,3,0,11,auto,attacker,0.4,0.7,attacker
B0805,Latian Republic,Selene Dominion,plains,rain,2,6,1,1,0,3,8,0,1,2,2,0,6,3,6,3,1,3,70,88,13,0,0,auto,attacker,0.457,0.663,attacker
B0806,Orenthal League,Kessari Riders,hills,clear,4,1,6,2,1,7,0,0,7,1,1,1,4,5,5,0,2,3,53,70,49,0,0,auto,defender,0.869,0.415,defender
B0807,Selene Dominion,Vharn Confederacy,hills,clear,1,4,5,5,5,0,0,7,1,15,1,4,1,0,0,0,3,3,56,47,24,0,0,auto,attacker,0.359,0.576,attacker
B0808,Mareth Imperium,Vharn Confederacy,forest,clear,7,4,0,2,2,2,8,0,1,6,5,0,3,4,1,0,4,1,68,84,22,0,0,auto,attacker,0.487,0.653,attacker
B0809,Latian Republic,Sable Nomads,forest,clear,2,5,6,1,2,3,4,0,1,0,0,2,1,10,1,1,3,4,75,65,28,0,0,auto,attacker,0.305,0.588,attacker
B0810,Sable Nomads,Vharn Confederacy,river_crossing,clear,5,2,0,1,2,6,2,1,11,9,0,2,0,2,0,3,2,3,66,40,48,0,10,auto,defender,0.696,0.521,defender
B0811,Orenthal League,Mareth Imperium,plains,clear,6,6,5,1,0,2,3,0,4,16,0,1,0,3,1,1,5,5,80,66,82,0,11,auto,defender,0.809,0.419,defender
B0812,Vharn Confederacy,Duskwood Clans,forest,clear,1,8,2,1,7,0,2,3,0,8,0,3,5,4,1,0,3,2,79,88,50,0,0,auto,attacker,0.429,0.714,attacker
B0813,Sable Nomads,Selene Dominion,river_crossing,clear,0,2,2,2,9,8,0,5,0,5,3,9,2,0,2,2,4,1,56,64,36,0,0,auto,attacker,0.495,0.726,attacker
B0814,Duskwood Clans,Mareth Imperium,hills,clear,1,2,3,1,1,14,0,1,9,0,2,1,0,0,3,3,3,3,76,91,24,0,7,auto,attacker,0.377,0.693,attacker
B0815,Kessari Riders,Vharn Confederacy,river_crossing,rain,1,3,6,1,3,9,3,0,15,10,0,1,1,1,0,0,1,4,46,66,57,0,24,auto,attacker,0.55,0.329,defender
B0816,Duskwood Clans,Vharn Confederacy,marsh,clear,2,0,2,5,6,5,1,0,3,11,2,0,1,4,1,0,3,5,95,61,34,1,0,auto,defender,0.72,0.438,defender
B0817,Mareth Imperium,Duskwood Clans,river_crossing,rain,5,3,2,0,7,0,2,0,0,0,2,2,9,10,2,2,2,3,68,73,0,0,0,auto,defender,0.591,0.411,defender
B0818,Vharn Confederacy,Orenthal League,hills,rain,1,10,2,7,0,0,1,5,0,5,5,1,1,2,3,1,2,3,76,57,46,0,0,auto,attacker,0.495,0.75,attacker
B0819,Duskwood Clans,Kessari Riders,hills,rain,1,6,3,1,8,1,4,0,10,2,0,0,2,7,1,1,1,2,97,46,35,0,0,manual,attacker,0.953,0.558,defender
B0820,Latian Republic,Selene Dominion,river_crossing,clear,16,0,2,4,1,3,2,0,0,7,1,5,8,0,0,4,5,3,53,47,52,0,0,manual,attacker,0.505,0.759,attacker
B0821,Selene Dominion,Latian Republic,marsh,clear,3,5,1,6,2,1,0,4,3,4,11,3,0,0,2,0,3,2,92,75,18,0,0,manual,attacker,0.418,0.729,attacker
B0822,Latian Republic,Mareth Imperium,forest,rain,3,7,2,0,14,0,0,1,9,5,2,0,0,0,6,3,4,1,68,63,42,0,19,manual,attacker,0.359,0.728,attacker
B0823,Duskwood Clans,Mareth Imperium,hills,rain,6,6,0,1,1,8,0,0,1,5,2,3,2,1,12,5,2,4,64,77,42,0,0,auto,defender,0.482,0.849,attacker
B0824,Selene Dominion,Duskwood Clans,plains,clear,2,0,0,7,2,3,0,8,5,0,1,5,5,6,1,1,2,3,75,44,0,0,0,auto,attacker,0.748,0.423,defender
B0825,Selene Dominion,Vharn Confederacy,plains,clear,1,1,5,8,1,4,2,2,3,5,4,2,0,5,0,2,1,1,76,62,54,1,15,auto,attacker,0.484,0.889,attacker
B0826,Vharn Confederacy,Selene Dominion,marsh,clear,4,6,1,5,0,5,2,1,0,1,1,8,1,0,1,8,4,1,47,65,34,1,0,manual,attacker,0.367,0.706,attacker
B0827,Kessari Riders,Orenthal League,forest,rain,1,6,1,0,1,3,5,5,1,5,5,4,3,4,6,0,2,3,62,73,15,0,0,manual,defender,0.761,0.366,defender
B0828,Kessari Riders,Selene Dominion,river_crossing,rain,0,0,5,3,8,4,7,0,0,2,0,3,0,3,4,6,5,4,60,87,52,1,0,auto,attacker,0.397,0.749,attacker
B0829,Orenthal League,Duskwood Clans,forest,clear,7,0,2,0,1,9,4,2,0,2,1,1,8,7,1,1,1,1,62,69,57,0,0,auto,attacker,0.488,0.789,attacker
B0830,Mareth Imperium,Selene Dominion,plains,clear,2,3,8,8,1,0,1,2,0,4,1,5,6,0,1,1,1,5,93,40,25,0,0,manual,attacker,0.429,0.743,attacker
B0831,Orenthal League,Selene Dominion,plains,clear,4,0,1,7,0,3,2,6,2,2,1,12,6,1,2,4,1,5,87,68,57,0,0,auto,defender,0.804,0.46,defender
B0832,Kessari Riders,Selene Dominion,marsh,clear,0,0,0,1,1,6,17,1,1,2,1,9,9,1,2,3,1,4,100,49,15,0,14,auto,attacker,0.403,0.731,attacker
B0833,Mareth Imperium,Kessari Riders,forest,clear,7,4,1,0,1,1,5,1,1,0,0,12,2,1,11,0,5,1,66,68,56,0,14,manual,defender,0.361,0.713,attacker
B0834,Duskwood Clans,Latian Republic,plains,clear,2,1,5,2,8,3,3,4,10,1,7,0,0,1,6,2,3,4,75,94,38,0,0,auto,attacker,0.916,0.424,defender
B0835,Orenthal League,Kessari Riders,plains,clear,1,5,9,3,1,3,3,3,0,1,10,2,5,5,3,4,2,1,62,63,25,0,19,auto,attacker,0.533,0.744,attacker
B0836,Latian Republic,Vharn Confederacy,forest,rain,8,4,6,2,0,2,0,1,8,8,1,2,2,0,4,0,5,2,52,69,35,0,0,auto,attacker,0.839,0.496,defender
B0837,Orenthal League,Kessari Riders,hills,clear,0,1,11,4,0,0,0,4,0,2,0,0,1,3,24,0,1,5,50,56,23,0,0,auto,defender,0.509,0.287,defender
B0838,Mareth Imperium,Orenthal League,river_crossing,clear,8,11,0,4,1,0,1,2,5,6,0,3,1,3,4,1,5,4,56,64,44,1,0,auto,attacker,0.562,0.794,attacker
B0839,Selene Dominion,Mareth Imperium,plains,fog,3,7,0,0,2,0,0,13,1,1,12,1,2,1,2,5,1,4,87,78,56,1,0,auto,attacker,0.541,0.331,defender
B0840,Vharn Confederacy,Latian Republic,hills,clear,1,3,3,5,4,4,0,1,1,1,5,0,0,3,0,9,4,1,84,54,76,1,0,auto,attacker,0.52,0.947,attacker
B0841,Kessari Riders,Duskwood Clans,plains,fog,1,2,2,1,0,1,9,3,3,4,6,2,6,1,0,0,1,3,56,73,10,0,18,auto,defender,0.461,0.674,attacker
B0842,Kessari Riders,Mareth Imperium,plains,clear,1,1,0,3,1,5,11,1,3,5,3,0,4,5,2,1,1,2,67,87,37,0,0,auto,attacker,0.861,0.495,defender
B0843,Duskwood Clans,Kessari Riders,hills,clear,0,1,3,4,8,4,6,0,2,5,0,0,5,3,5,3,4,5,65,71,33,0,12,auto,attacker,0.835,0.511,defender
B0844,Duskwood Clans,Mareth Imperium,plains,rain,1,0,1,2,2,4,9,3,5,3,2,0,8,0,5,4,2,2,75,79,42,0,0,auto,defender,0.392,0.705,attacker
B0845,Vharn Confederacy,Sable Nomads,forest,clear,6,11,1,6,0,3,0,0,5,1,5,1,10,1,0,0,5,3,65,68,64,1,0,auto,attacker,0.768,0.453,defender
B0846,Sable Nomads,Selene Dominion,hills,clear,2,5,1,4,5,5,3,0,1,2,3,2,8,0,0,9,3,5,40,72,34,0,0,auto,attacker,0.437,0.849,attacker
B0847,Latian Republic,Vharn Confederacy,hills,clear,6,1,4,1,3,2,0,4,9,6,1,2,0,2,1,2,2,2,76,50,20,1,0,auto,defender,0.713,0.41,defender
B0848,Latian Republic,Vharn Confederacy,marsh,rain,1,6,3,0,1,0,10,3,0,6,0,8,1,1,0,4,2,4,66,60,67,1,0,auto,attacker,0.853,0.441,defender
B0849,Sable Nomads,Orenthal League,plains,rain,1,4,0,1,2,8,1,4,4,12,3,0,1,1,1,5,2,1,58,66,0,0,24,manual,defender,0.907,0.463,defender
B0850,Mareth Imperium,Latian Republic,forest,clear,6,6,5,0,0,1,2,1,13,0,5,0,2,0,0,1,3,4,71,57,61,1,0,auto,attacker,0.688,0.332,defender
B0851,Duskwood Clans,Vharn Confederacy,hills,clear,0,1,2,3,15,3,0,2,1,20,1,2,0,0,0,0,1,3,51,71,34,0,0,manual,attacker,0.447,0.737,attacker
B0852,Orenthal League,Vharn Confederacy,river_crossing,clear,1,3,1,5,4,1,5,0,2,2,0,1,2,4,0,9,3,5,64,94,0,0,5,auto,attacker,0.45,0.919,attacker
B0853,Selene Dominion,Vharn Confederacy,hills,clear,2,2,0,8,4,0,1,4,2,7,2,1,1,2,5,4,1,4,49,45,22,0,0,auto,defender,0.907,0.497,defender
B0854,Latian Republic,Sable Nomads,plains,clear,7,1,6,2,1,3,1,1,3,3,1,1,5,5,0,2,5,4,66,64,0,0,12,auto,attacker,0.667,0.694,attacker
B0855,Latian Republic,Kessari Riders,forest,clear,5,0,2,5,2,0,2,7,0,4,1,1,1,6,1,11,5,2,70,71,41,0,17,manual,attacker,0.523,0.714,attacker
B0856,Selene Dominion,Mareth Imperium,plains,rain,2,1,1,14,2,1,3,1,2,2,2,0,1,0,13,0,1,4,75,65,42,0,6,auto,attacker,0.677,0.332,defender
B0857,Mareth Imperium,Selene Dominion,hills,rain,8,6,3,0,2,1,3,3,0,12,4,0,1,1,2,1,5,5,67,45,43,0,0,auto,attacker,0.388,0.859,attacker
B0858,Sable Nomads,Vharn Confederacy,plains,rain,1,1,1,0,13,6,0,0,3,5,0,3,7,1,5,0,3,4,65,44,59,0,10,manual,attacker,0.823,0.324,defender
B0859,Mareth Imperium,Selene Dominion,forest,rain,2,1,2,1,5,4,3,1,1,0,1,6,8,4,0,5,4,2,73,52,55,1,20,auto,defender,0.538,0.635,attacker
B0860,Mareth Imperium,Sable Nomads,marsh,clear,0,2,1,9,5,1,9,1,3,3,0,1,6,9,0,0,4,4,84,59,11,1,0,auto,attacker,0.783,0.418,defender
B0861,Vharn Confederacy,Kessari Riders,marsh,rain,0,6,2,1,1,1,3,3,0,0,1,2,9,9,7,0,1,1,54,61,13,0,7,manual,defender,0.413,0.667,attacker
B0862,Vharn Confederacy,Orenthal League,marsh,clear,4,11,0,1,3,1,3,8,2,5,0,8,0,0,1,4,5,3,78,56,19,0,9,auto,attacker,0.468,0.783,attacker
B0863,Sable Nomads,Mareth Imperium,marsh,clear,0,1,7,1,3,4,1,2,10,4,0,1,0,1,2,1,2,4,70,68,54,0,6,manual,attacker,0.73,0.433,defender
B0864,Mareth Imperium,Sable Nomads,forest,rain,1,3,2,2,3,0,3,8,0,3,0,5,5,7,0,0,2,4,55,65,17,0,0,manual,attacker,0.799,0.518,defender
B0865,Kessari Riders,Orenthal League,hills,clear,4,2,2,2,2,7,2,0,1,13,0,1,3,2,0,0,4,4,88,61,0,0,19,auto,attacker,0.875,0.483,defender
B0866,Orenthal League,Selene Dominion,plains,clear,1,3,6,1,0,2,1,12,3,2,1,9,2,4,6,2,3,5,69,100,45,1,0,auto,defender,0.701,0.404,defender
B0867,Selene Dominion,Mareth Imperium,plains,clear,5,2,1,3,3,2,0,9,5,9,4,1,2,1,3,1,1,1,77,86,49,0,19,manual,attacker,0.85,0.503,defender
B0868,Latian Republic,Kessari Riders,hills,rain,2,2,5,1,7,4,1,0,0,1,0,1,0,9,13,1,2,2,71,59,9,1,6,auto,defender,0.714,0.453,defender
B0869,Kessari Riders,Sable Nomads,marsh,clear,1,2,3,5,7,2,7,0,2,0,2,5,8,3,4,0,3,2,57,52,51,0,18,auto,attacker,0.418,0.852,attacker
B0870,Vharn Confederacy,Sable Nomads,river_crossing,clear,2,11,0,4,0,5,10,0,2,2,3,6,4,4,1,0,4,3,90,55,0,1,23,auto,attacker,0.435,0.669,attacker
B0871,Duskwood Clans,Orenthal League,river_crossing,clear,3,2,6,3,4,3,1,1,1,7,4,4,2,2,0,0,5,3,70,55,36,0,0,manual,attacker,0.471,0.785,attacker
B0872,Sable Nomads,Selene Dominion,forest,clear,3,0,3,2,9,2,0,7,2,1,0,4,3,2,2,8,2,2,72,75,26,1,0,manual,attacker,0.648,0.449,defender
B0873,Duskwood Clans,Selene Dominion,plains,clear,0,0,2,4,7,4,0,4,1,4,0,8,4,5,1,3,1,1,66,94,32,0,11,auto,defender,0.755,0.485,defender
B0874,Latian Republic,Orenthal League,plains,clear,11,4,3,0,2,0,0,4,0,0,4,7,2,1,1,2,1,2,73,72,22,0,0,auto,attacker,0.395,0.757,attacker
B0875,Duskwood Clans,Latian Republic,river_crossing,clear,0,8,5,1,4,1,0,1,11,0,4,0,1,0,1,4,3,3,63,65,23,0,0,auto,attacker,0.868,0.449,defender
B0876,Duskwood Clans,Latian Republic,plains,clear,0,3,4,2,6,4,2,2,2,2,22,1,0,0,1,0,4,4,100,62,1,0,0,auto,defender,0.814,0.528,defender
B0877,Duskwood Clans,Kessari Riders,hills,clear,2,5,2,4,5,2,0,2,6,3,0,0,2,10,4,1,1,4,73,68,60,0,0,auto,defender,0.814,0.384,defender
B0878,Kessari Riders,Selene Dominion,river_crossing,clear,0,2,0,3,2,4,6,2,5,2,0,3,3,3,5,4,5,1,69,83,21,0,0,auto,defender,0.666,0.369,defender
B0879,Vharn Confederacy,Sable Nomads,plains,clear,5,15,2,0,0,4,0,1,4,5,2,2,6,9,0,0,2,3,55,76,16,1,0,auto,defender,0.375,0.75,attacker
B0880,Vharn Confederacy,Kessari Riders,hills,clear,10,4,3,7,1,0,2,1,5,0,2,2,0,7,2,0,1,2,40,78,61,0,9,auto,attacker,0.425,0.655,attacker
B0881,Kessari Riders,Sable Nomads,forest,clear,0,0,0,1,1,9,12,0,9,0,1,3,1,6,1,0,1,2,86,88,20,1,0,auto,attacker,0.785,0.46,defender
B0882,Selene Dominion,Sable Nomads,hills,clear,4,3,2,1,2,7,0,4,4,0,5,3,1,2,0,7,1,5,85,70,16,0,0,auto,attacker,0.464,0.813,attacker
B0883,Kessari Riders,Orenthal League,hills,clear,3,1,0,0,1,4,9,5,7,4,3,1,1,2,1,3,2,3,67,87,59,0,0,auto,attacker,0.751,0.434,defender
B0884,Orenthal League,Duskwood Clans,hills,clear,9,4,0,4,0,4,1,0,1,2,7,4,3,3,3,2,5,2,78,65,33,0,0,auto,defender,0.46,0.715,attacker
B0885,Selene Dominion,Duskwood Clans,hills,clear,0,4,1,13,1,2,2,1,1,4,1,5,9,2,4,0,5,2,59,63,29,1,22,auto,defender,0.652,0.491,defender
B0886,Selene Dominion,Orenthal League,river_crossing,fog,4,0,0,4,9,1,1,3,2,4,4,6,2,1,9,0,3,3,60,49,19,0,24,auto,defender,0.6,0.364,defender
B0887,Duskwood Clans,Vharn Confederacy,marsh,clear,1,0,5,2,5,4,4,2,7,2,0,1,0,9,0,6,1,3,95,75,18,0,0,manual,attacker,0.708,0.464,defender
B0888,Kessari Riders,Selene Dominion,forest,clear,0,3,0,0,6,9,1,4,10,0,2,8,2,1,2,3,5,1,58,53,48,1,0,auto,defender,0.914,0.516,defender
B0889,Sable Nomads,Mareth Imperium,marsh,rain,6,0,2,8,4,3,0,2,11,2,0,0,4,1,9,1,4,2,57,83,28,1,5,auto,defender,0.661,0.406,defender
B0890,Kessari Riders,Latian Republic,hills,clear,1,1,5,0,3,5,6,0,13,2,6,0,1,0,2,2,1,2,66,66,24,0,0,auto,defender,0.715,0.495,defender
B0891,Selene Dominion,Orenthal League,hills,fog,0,0,2,3,0,6,6,5,0,2,8,4,4,4,0,1,5,3,83,81,59,0,0,manual,attacker,0.805,0.527,defender
B0892,Duskwood Clans,Mareth Imperium,river_crossing,rain,3,0,1,2,5,1,1,5,3,1,5,0,1,1,9,1,4,2,100,60,28,1,0,auto,defender,0.654,0.364,defender
B0893,Sable Nomads,Orenthal League,plains,clear,7,0,2,1,1,5,4,1,0,5,1,1,10,7,0,1,2,5,84,41,50,0,0,auto,defender,0.39,0.744,attacker
B0894,Mareth Imperium,Latian Republic,forest,rain,3,2,0,2,0,0,8,4,2,2,6,3,0,2,0,1,4,4,74,48,35,1,0,auto,attacker,0.88,0.456,defender
B0895,Kessari Riders,Selene Dominion,plains,rain,1,0,0,9,6,4,3,4,1,1,0,9,7,2,1,3,1,2,71,57,66,0,0,auto,attacker,0.412,0.701,attacker
B0896,Latian Republic,Vharn Confederacy,marsh,clear,1,7,5,6,5,0,0,1,6,3,5,8,0,0,1,0,5,3,86,82,21,1,10,manual,attacker,0.412,0.697,attacker
B0897,Selene Dominion,Duskwood Clans,hills,rain,0,11,0,3,1,7,0,1,1,0,6,0,6,11,1,0,1,3,69,64,60,0,0,auto,attacker,0.427,0.735,attacker
B0898,Orenthal League,Sable Nomads,plains,clear,3,1,3,10,2,0,1,1,1,0,0,4,5,7,5,0,4,2,60,62,48,1,0,manual,defender,0.736,0.27,defender
B0899,Kessari Riders,Mareth Imperium,forest,fog,2,0,0,0,1,3,13,4,4,1,2,2,0,2,5,7,2,4,46,68,41,1,0,auto,attacker,0.712,0.441,defender
B0900,Sable Nomads,Latian Republic,river_crossing,clear,0,1,0,4,3,6,1,1,2,5,6,1,4,0,2,1,3,5,46,59,47,1,8,auto,defender,0.509,0.33,defender
B0901,Mareth Imperium,Latian Republic,plains,clear,6,2,13,1,1,0,5,1,3,1,5,5,3,1,3,4,5,4,40,71,68,1,0,auto,attacker,0.432,0.787,attacker
B0902,Kessari Riders,Vharn Confederacy,plains,rain,1,4,0,1,1,13,3,1,1,7,4,1,1,3,4,0,4,3,76,97,39,0,0,auto,attacker,0.333,0.792,attacker
B0903,Duskwood Clans,Orenthal League,river_crossing,rain,2,0,0,1,3,1,2,15,0,6,2,2,0,5,3,0,1,4,65,64,23,0,0,auto,attacker,0.866,0.382,defender
B0904,Mareth Imperium,Latian Republic,plains,clear,9,3,1,0,0,4,5,5,3,4,6,1,3,2,2,0,5,1,71,72,1,1,0,auto,attacker,0.406,0.678,attacker
B0905,Kessari Riders,Orenthal League,hills,clear,1,0,0,5,1,8,4,8,1,2,5,6,0,8,0,0,1,5,60,75,23,1,21,auto,attacker,0.797,0.398,defender
B0906,Duskwood Clans,Latian Republic,forest,clear,2,0,1,9,7,3,1,3,9,3,2,3,1,1,0,1,2,2,42,77,66,0,0,auto,attacker,0.853,0.415,defender
B0907,Latian Republic,Duskwood Clans,marsh,fog,7,10,1,2,1,2,0,0,5,3,1,2,5,7,1,1,2,5,74,86,48,0,0,auto,attacker,0.332,0.772,attacker
B0908,Sable Nomads,Selene Dominion,plains,clear,0,2,1,0,12,10,0,1,1,2,0,3,4,2,2,9,2,5,74,60,49,0,5,auto,attacker,0.234,0.617,attacker
B0909,Mareth Imperium,Vharn Confederacy,forest,clear,2,4,2,2,3,1,11,2,9,2,0,3,0,4,3,4,1,5,49,84,12,0,0,auto,attacker,0.725,0.474,defender
B0910,Vharn Confederacy,Kessari Riders,plains,rain,0,0,2,13,0,2,2,5,0,1,0,0,9,10,5,0,2,5,77,43,15,1,0,auto,defender,0.615,0.37,defender
B0911,Orenthal League,Vharn Confederacy,plains,fog,1,0,7,1,2,4,0,4,3,15,1,4,0,1,1,0,4,4,83,44,30,0,0,manual,defender,0.791,0.439,defender
B0912,Orenthal League,Vharn Confederacy,river_crossing,rain,7,1,4,6,0,3,0,2,6,6,0,10,1,1,4,0,5,1,65,76,30,0,0,auto,defender,0.733,0.391,defender
B0913,Mareth Imperium,Duskwood Clans,plains,clear,10,6,1,0,3,0,7,0,6,0,5,3,6,3,0,0,5,5,56,47,48,0,0,auto,attacker,0.366,0.686,attacker
B0914,Sable Nomads,Selene Dominion,hills,clear,0,2,0,2,8,1,6,6,0,4,0,2,11,1,0,2,1,2,64,81,62,0,0,auto,attacker,0.502,0.774,attacker
B0915,Selene Dominion,Mareth Imperium,hills,fog,4,1,7,3,5,2,0,7,9,1,2,1,0,1,7,2,1,4,50,67,35,0,16,auto,attacker,0.697,0.383,defender
B0916,Orenthal League,Duskwood Clans,hills,clear,11,1,1,2,0,1,2,7,0,0,8,0,1,6,3,6,5,2,60,74,48,1,24,auto,attacker,0.807,0.501,defender
B0917,Duskwood Clans,Mareth Imperium,hills,clear,5,2,6,2,1,4,0,2,2,0,4,0,0,0,12,6,3,2,70,92,0,0,9,manual,attacker,0.39,0.45,attacker
B0918,Mareth Imperium,Kessari Riders,forest,clear,8,13,0,0,1,1,1,0,7,0,1,1,4,8,4,0,5,1,100,66,11,0,0,auto,attacker,0.312,0.591,attacker
B0919,Vharn Confederacy,Kessari Riders,plains,clear,1,12,0,4,2,0,1,3,1,2,0,2,1,2,8,1,5,2,41,76,77,1,23,auto,attacker,0.451,0.808,attacker
B0920,Sable Nomads,Orenthal League,plains,fog,9,6,0,1,1,5,2,1,1,0,1,4,5,7,0,1,5,1,69,63,15,0,0,auto,attacker,0.274,0.756,attacker
B0921,Latian Republic,Selene Dominion,river_crossing,clear,0,2,3,0,3,3,6,5,1,1,6,9,5,1,0,0,3,2,65,61,42,1,0,manual,defender,0.625,0.471,defender
B0922,Orenthal League,Duskwood Clans,hills,rain,11,0,2,2,1,5,1,1,5,2,3,1,1,11,0,0,5,3,82,79,55,0,0,auto,attacker,0.497,0.892,attacker
B0923,Selene Dominion,Vharn Confederacy,plains,clear,2,0,0,13,1,0,1,5,2,5,5,1,0,6,0,0,2,4,78,79,30,1,0,auto,attacker,0.701,0.355,defender
B0924,Kessari Riders,Selene Dominion,marsh,rain,0,2,5,2,10,5,3,0,5,7,2,3,4,1,0,3,5,1,94,41,33,0,20,auto,attacker,0.413,0.718,attacker
B0925,Mareth Imperium,Orenthal League,forest,clear,1,9,1,5,0,2,3,0,4,1,11,0,0,1,2,3,3,5,61,81,76,0,0,manual,attacker,0.858,0.449,defender
B0926,Mareth Imperium,Duskwood Clans,plains,clear,9,3,8,1,0,1,0,2,5,1,4,0,6,1,2,2,4,2,77,76,28,0,0,manual,attacker,0.447,0.69,attacker
B0927,Latian Republic,Vharn Confederacy,plains,clear,4,13,8,0,1,0,1,0,1,8,10,0,0,1,0,1,2,5,52,51,51,0,0,auto,attacker,0.336,0.705,attacker
B0928,Orenthal League,Sable Nomads,hills,clear,4,9,0,4,0,3,1,0,1,0,2,2,7,4,0,3,5,2,91,81,59,0,0,auto,attacker,0.302,0.816,attacker
B0929,Kessari Riders,Selene Dominion,hills,rain,3,5,1,7,3,3,1,0,0,2,2,3,0,3,3,9,3,1,77,55,1,0,0,auto,attacker,0.469,0.668,attacker
B0930,Selene Dominion,Vharn Confederacy,plains,rain,3,3,11,2,3,1,1,6,6,2,2,5,0,3,0,2,3,3,66,70,24,0,17,auto,attacker,0.461,0.877,attacker
B0931,Mareth Imperium,Selene Dominion,hills,clear,6,8,0,2,1,1,2,0,0,0,1,3,4,0,4,7,3,3,70,63,30,1,0,manual,attacker,0.353,0.735,attacker
B0932,Orenthal League,Sable Nomads,plains,clear,3,2,5,5,0,6,2,0,1,5,3,6,3,8,3,0,1,2,59,70,44,0,0,auto,defender,0.632,0.421,defender
B0933,Vharn Confederacy,Kessari Riders,marsh,clear,2,8,8,2,0,1,0,1,2,0,5,2,3,3,5,0,2,5,47,78,73,0,23,manual,attacker,0.536,0.91,attacker
B0934,Latian Republic,Duskwood Clans,hills,clear,8,0,5,0,0,4,9,0,0,7,3,4,4,2,1,1,1,5,80,58,27,1,0,auto,attacker,0.47,0.853,attacker
B0935,Sable Nomads,Mareth Imperium,plains,fog,0,1,1,1,7,10,3,2,4,6,2,3,0,8,5,0,3,2,68,85,47,1,20,manual,defender,0.657,0.351,defender
B0936,Selene Dominion,Mareth Imperium,plains,clear,1,7,1,3,1,8,3,2,1,9,1,2,5,1,4,2,5,5,72,55,15,1,17,auto,attacker,0.821,0.42,defender
B0937,Kessari Riders,Mareth Imperium,plains,clear,0,0,2,0,5,2,11,0,1,3,3,0,0,2,9,2,5,4,69,83,30,0,0,manual,attacker,0.827,0.538,defender
B0938,Latian Republic,Selene Dominion,forest,clear,5,1,4,1,3,8,0,3,0,0,0,3,5,6,0,8,2,3,55,62,16,0,0,auto,attacker,0.519,0.794,attacker
B0939,Sable Nomads,Duskwood Clans,marsh,clear,2,0,0,0,4,3,0,11,0,0,1,1,11,1,1,2,2,2,51,64,27,1,0,auto,attacker,0.861,0.547,defender
B0940,Orenthal League,Mareth Imperium,forest,clear,8,3,3,2,0,4,1,0,1,9,1,0,4,1,9,1,4,2,65,55,39,0,18,auto,defender,0.414,0.872,attacker
B0941,Kessari Riders,Duskwood Clans,river_crossing,clear,4,2,3,3,2,4,7,1,0,0,6,9,3,3,4,3,2,5,88,59,62,1,0,auto,defender,0.65,0.409,defender
B0942,Duskwood Clans,Sable Nomads,hills,clear,1,2,4,5,1,1,9,0,0,0,3,5,9,8,0,0,2,3,64,94,29,0,21,auto,attacker,0.531,0.732,attacker
B0943,Selene Dominion,Mareth Imperium,marsh,rain,1,4,1,4,0,3,7,1,1,3,0,1,6,0,1,8,3,4,84,61,71,1,5,auto,attacker,0.409,0.642,attacker
B0944,Mareth Imperium,Kessari Riders,marsh,clear,5,0,1,9,5,0,3,0,0,2,1,1,3,6,10,0,2,3,89,73,36,0,0,manual,attacker,0.709,0.362,defender
B0945,Sable Nomads,Duskwood Clans,marsh,rain,4,0,0,2,6,7,0,4,3,2,0,8,4,1,6,0,2,5,88,88,31,0,0,auto,attacker,0.665,0.449,defender
B0946,Orenthal League,Latian Republic,plains,clear,2,9,0,8,1,3,0,0,10,1,4,6,0,0,1,3,1,2,62,74,8,1,0,manual,defender,0.353,0.821,attacker
B0947,Mareth Imperium,Sable Nomads,plains,clear,2,6,0,0,1,2,10,4,4,3,0,8,2,4,0,0,4,1,88,84,40,1,0,manual,attacker,0.388,0.785,attacker
B0948,Sable Nomads,Vharn Confederacy,river_crossing,clear,0,4,2,2,5,7,2,1,6,12,2,0,1,4,0,0,2,4,66,80,17,0,0,manual,attacker,0.677,0.405,defender
B0949,Sable Nomads,Latian Republic,plains,clear,5,0,8,1,11,2,1,1,6,5,3,0,7,0,0,1,3,3,78,81,18,0,5,manual,attacker,0.432,0.89,attacker
B0950,Mareth Imperium,Kessari Riders,hills,clear,0,3,1,2,4,1,16,0,0,3,0,9,2,8,5,0,2,3,53,85,29,0,0,auto,attacker,0.477,0.792,attacker
B0951,Latian Republic,Sable Nomads,river_crossing,rain,8,0,4,0,2,1,4,1,0,1,2,1,6,11,3,1,4,2,99,73,17,0,25,manual,defender,0.512,0.696,attacker
B0952,Orenthal League,Duskwood Clans,plains,clear,1,1,0,3,1,1,0,15,5,3,2,0,4,6,7,3,4,3,44,61,17,1,0,auto,defender,0.574,0.341,defender
B0953,Duskwood Clans,Latian Republic,forest,rain,2,3,2,3,2,3,5,0,9,5,6,0,3,0,2,1,1,5,62,77,41,0,0,manual,defender,0.621,0.36,defender
B0954,Latian Republic,Duskwood Clans,river_crossing,clear,8,2,8,3,1,0,0,6,11,0,0,1,8,5,1,0,2,3,73,40,35,1,0,auto,attacker,0.777,0.395,defender
B0955,Latian Republic,Vharn Confederacy,forest,clear,10,3,2,4,0,0,1,2,4,13,1,1,0,7,0,0,1,1,81,73,53,1,0,auto,defender,0.817,0.491,defender
B0956,Duskwood Clans,Sable Nomads,hills,clear,11,2,1,0,4,0,3,1,2,4,0,5,2,9,1,0,5,5,47,80,29,0,0,auto,attacker,0.795,0.355,defender
B0957,Mareth Imperium,Vharn Confederacy,hills,clear,5,4,2,1,0,4,9,1,1,3,1,6,7,0,1,1,3,3,89,75,27,0,0,auto,attacker,0.432,0.7,attacker
B0958,Orenthal League,Mareth Imperium,hills,fog,2,0,8,3,0,3,0,12,14,4,0,1,0,1,7,0,1,1,88,70,31,0,0,auto,attacker,0.892,0.356,defender
B0959,Vharn Confederacy,Selene Dominion,marsh,clear,2,7,1,3,2,0,7,0,1,2,2,6,0,2,2,8,5,2,40,71,0,0,16,auto,attacker,0.378,0.786,attacker
B0960,Vharn Confederacy,Duskwood Clans,forest,clear,1,9,2,0,5,4,2,1,7,3,3,8,1,3,0,2,4,5,69,67,64,0,0,auto,defender,0.708,0.402,defender
B0961,Kessari Riders,Selene Dominion,forest,rain,0,0,0,0,1,10,2,11,3,1,1,10,2,0,0,3,5,3,90,79,19,0,15,auto,attacker,0.388,0.727,attacker
B0962,Mareth Imperium,Kessari Riders,plains,clear,1,2,3,7,0,0,5,7,1,1,0,0,8,3,6,2,4,5,59,72,0,1,16,auto,attacker,0.705,0.465,defender
B0963,Vharn Confederacy,Kessari Riders,marsh,fog,3,7,1,7,1,2,0,0,1,0,3,0,1,5,11,0,2,1,63,61,25,0,0,auto,attacker,0.436,0.666,attacker
B0964,Vharn Confederacy,Orenthal League,river_crossing,rain,8,4,0,0,5,0,1,5,2,3,2,5,6,5,0,0,5,1,77,64,0,0,0,auto,attacker,0.465,0.649,attacker
B0965,Kessari Riders,Duskwood Clans,marsh,fog,1,8,0,2,10,4,3,0,1,3,5,8,6,3,1,0,2,4,83,40,61,0,0,auto,attacker,0.411,0.774,attacker
B0966,Selene Dominion,Sable Nomads,forest,clear,0,2,1,6,4,0,0,10,0,0,0,10,7,5,0,0,5,2,82,72,42,1,24,manual,attacker,0.84,0.367,defender
B0967,Orenthal League,Sable Nomads,marsh,clear,1,3,1,5,4,8,0,3,4,0,0,10,2,8,5,1,3,4,68,87,36,0,0,auto,defender,0.765,0.519,defender
B0968,Latian Republic,Selene Dominion,forest,clear,2,6,1,4,0,3,2,9,2,5,6,2,4,2,0,7,5,4,82,68,12,0,8,manual,attacker,0.734,0.368,defender
B0969,Duskwood Clans,Kessari Riders,plains,fog,2,7,1,1,4,1,3,1,4,1,0,0,2,14,2,0,5,3,40,68,78,0,16,manual,defender,0.723,0.49,defender
B0970,Vharn Confederacy,Kessari Riders,marsh,clear,0,4,0,3,0,9,1,5,1,0,4,0,2,1,9,2,5,1,64,71,24,0,0,auto,attacker,0.495,0.794,attacker
B0971,Orenthal League,Latian Republic,forest,clear,8,5,4,6,1,2,1,1,0,4,3,3,1,1,11,4,1,1,69,48,45,1,0,manual,attacker,0.393,0.651,attacker
B0972,Mareth Imperium,Kessari Riders,hills,rain,6,0,5,2,0,2,3,8,4,0,0,0,1,14,2,1,3,1,54,56,58,0,0,auto,attacker,0.893,0.333,defender
B0973,Duskwood Clans,Vharn Confederacy,forest,clear,0,2,9,2,7,1,0,8,1,4,0,10,1,0,3,0,4,5,61,99,0,0,10,manual,attacker,0.405,0.726,attacker
B0974,Selene Dominion,Mareth Imperium,hills,rain,1,2,0,2,7,3,1,7,1,1,4,1,2,5,3,8,3,5,73,56,30,0,15,auto,attacker,0.75,0.419,defender
B0975,Vharn Confederacy,Selene Dominion,marsh,clear,1,4,9,4,5,0,1,3,2,1,9,2,5,2,0,0,4,5,72,72,41,1,0,manual,attacker,0.849,0.471,defender
B0976,Sable Nomads,Vharn Confederacy,hills,rain,7,0,4,2,3,6,3,1,3,3,1,3,2,0,2,10,2,4,89,51,34,1,0,manual,attacker,0.567,0.679,attacker
B0977,Orenthal League,Vharn Confederacy,hills,rain,10,2,0,4,1,2,1,1,2,9,2,2,1,1,0,5,1,3,57,81,20,0,0,auto,attacker,0.821,0.514,defender
B0978,Sable Nomads,Duskwood Clans,hills,clear,0,3,0,10,5,2,4,0,0,3,6,1,5,4,1,3,5,3,93,53,39,1,7,auto,attacker,0.505,0.81,attacker
B0979,Latian Republic,Orenthal League,forest,fog,15,6,4,1,0,0,2,2,1,1,2,6,0,3,0,5,1,1,53,66,62,0,0,auto,attacker,0.377,0.743,attacker
B0980,Sable Nomads,Orenthal League,hills,rain,0,5,1,3,6,5,0,4,3,2,3,3,4,2,0,2,2,4,68,58,46,1,0,auto,attacker,0.439,0.625,attacker
B0981,Sable Nomads,Kessari Riders,river_crossing,clear,3,0,0,1,9,2,1,4,5,0,2,6,2,9,1,2,5,2,68,40,32,0,0,auto,defender,0.655,0.264,defender
B0982,Vharn Confederacy,Duskwood Clans,forest,clear,0,3,0,6,0,0,12,1,4,5,4,10,1,0,0,1,3,5,44,84,18,1,0,auto,defender,0.92,0.353,defender
B0983,Orenthal League,Mareth Imperium,hills,clear,6,4,1,3,0,11,0,0,11,1,0,1,1,0,3,0,2,1,63,80,83,0,6,auto,attacker,0.418,0.755,attacker
B0984,Orenthal League,Sable Nomads,forest,clear,1,1,8,1,3,0,2,4,2,0,0,1,20,1,0,0,2,1,69,85,23,0,0,manual,defender,0.635,0.461,defender
B0985,Selene Dominion,Kessari Riders,plains,clear,2,3,2,0,8,0,0,3,1,4,1,1,3,6,5,0,5,3,91,63,64,0,0,manual,defender,0.905,0.385,defender
B0986,Sable Nomads,Kessari Riders,plains,clear,2,1,0,8,0,3,1,7,0,6,0,7,2,4,2,0,1,1,73,83,55,0,0,auto,attacker,0.728,0.405,defender
B0987,Mareth Imperium,Kessari Riders,marsh,clear,11,1,1,1,0,5,4,0,1,0,1,15,1,3,4,2,1,1,60,77,5,1,14,auto,defender,0.822,0.479,defender
B0988,Selene Dominion,Orenthal League,hills,clear,2,6,1,3,7,0,0,6,2,3,2,6,6,1,1,1,5,5,40,49,26,0,16,auto,attacker,0.444,0.751,attacker
B0989,Vharn Confederacy,Kessari Riders,hills,clear,5,6,0,6,6,2,0,0,0,1,4,0,6,2,10,0,3,3,55,82,30,0,0,auto,attacker,0.507,0.883,attacker
B0990,Latian Republic,Selene Dominion,hills,fog,6,7,3,0,3,3,4,0,1,4,3,1,2,1,0,4,5,1,66,65,34,0,0,manual,attacker,0.376,0.822,attacker
B0991,Kessari Riders,Vharn Confederacy,hills,rain,2,0,4,8,1,1,7,3,0,8,3,5,3,1,2,4,3,5,85,80,50,0,10,auto,attacker,0.437,0.839,attacker
B0992,Mareth Imperium,Sable Nomads,plains,clear,6,1,0,4,2,2,1,0,8,1,0,1,8,4,0,0,1,3,63,42,41,1,0,auto,defender,0.706,0.42,defender
B0993,Latian Republic,Vharn Confederacy,hills,rain,3,0,6,2,15,0,0,3,4,1,0,4,2,1,12,0,3,4,50,52,35,0,0,auto,attacker,0.837,0.351,defender
B0994,Selene Dominion,Latian Republic,forest,clear,0,5,0,6,1,0,4,3,4,3,8,1,1,0,2,3,2,4,46,40,51,0,13,auto,defender,0.73,0.401,defender
B0995,Selene Dominion,Latian Republic,marsh,clear,2,3,1,8,1,4,0,1,6,3,8,1,0,0,1,7,1,1,83,64,17,0,0,auto,defender,0.63,0.48,defender
B0996,Selene Dominion,Orenthal League,marsh,rain,0,4,8,1,1,3,3,1,6,1,2,11,1,3,1,0,5,1,93,60,14,0,21,manual,defender,0.591,0.806,attacker
B0997,Mareth Imperium,Duskwood Clans,plains,rain,6,4,1,0,0,2,5,4,0,6,10,0,5,1,0,1,1,3,100,66,20,0,0,auto,attacker,0.352,0.737,attacker
B0998,Latian Republic,Mareth Imperium,river_crossing,clear,8,2,5,0,0,5,4,0,2,6,2,0,4,3,5,2,1,5,57,89,17,1,0,auto,attacker,0.8,0.402,defender
B0999,Kessari Riders,Duskwood Clans,river_crossing,fog,3,1,1,5,16,3,1,0,1,1,0,0,4,3,5,8,2,3,82,76,46,0,0,manual,attacker,0.475,0.648,attacker
